arm,id,step,scope,subcommand,category,confirmed_failure,interface_error,action,observation
adi,astropy__astropy-13033,77,standard,list-frames,target_format_error,True,True,"adi_debug ""list-frames"" ""'python /testbed/reproduce_issue.py'"" ""-"" ""-""","Error: Invalid format '-'. Expected: /path/file.py:func or /path/file.py:line
"
adi,astropy__astropy-13398,84,standard,list-frames,target_format_error,True,True,"adi_debug ""list-frames"" ""'python /tmp/repro4.py'"" ""-"" ""-""","Error: Invalid format '-'. Expected: /path/file.py:func or /path/file.py:line
"
adi,astropy__astropy-13977,41,standard,list-frames,target_format_error,True,True,"adi_debug ""list-frames"" ""'python /tmp/repro.py'"" ""-"" ""-""","Error: Invalid format '-'. Expected: /path/file.py:func or /path/file.py:line
"
adi,astropy__astropy-13977,65,standard,break,target_not_reached,True,False,"adi_debug ""break"" ""'python /tmp/repro.py'"" ""'/testbed/astropy/units/quantity.py:Quantity.__array_ufunc__#20'"" ""-""","Error: Target frame was not reached. Did you mean one of these methods?
Hint: Frame not found. Common reasons:
  - Function not called during execution
  - Not called enough times (e.g., #3 but only called twice)
  - Did you mean: Quantity.__array_ufunc__?
"
adi,astropy__astropy-14182,58,standard,list-frames,target_format_error,True,True,"adi_debug ""list-frames"" ""'python /tmp/repro.py'"" ""-"" ""-""","Error: Invalid format '-'. Expected: /path/file.py:func or /path/file.py:line
"
adi,astropy__astropy-14369,70,standard,list-frames,target_format_error,True,True,"adi_debug ""list-frames"" ""'python /tmp/repro.py'"" ""-"" ""-""","Error: Invalid format '-'. Expected: /path/file.py:func or /path/file.py:line
"
adi,django__django-10097,21,standard,list-frames,environment_error,True,False,"adi_debug ""list-frames"" ""'python /testbed/reproduce_issue.py'"" ""-"" ""-""","Traceback (most recent call last):
  File ""/opt/miniconda3/envs/testbed/lib/python3.5/runpy.py"", line 193, in _run_module_as_main
    ""__main__"", mod_spec)
  File ""/opt/miniconda3/envs/testbed/lib/python3.5/runpy.py"", line 85, in _run_code
    exec(code, run_globals)
  File ""/root/tools/adi_tool/bin/ADI/__main__.py"", line 3, in <module>
    from .cli import main
  File ""/root/tools/adi_tool/bin/ADI/cli.py"", line 57
    return _stable_hash(f""{env_name}={value}"")
                                            ^
SyntaxError: invalid syntax
"
adi,django__django-10097,37,standard,exec,environment_error,True,False,"adi_debug ""exec"" ""'/usr/bin/python3.10 /testbed/reproduce_issue.py'"" ""'/testbed/django/core/validators.py:URLValidator.__call__#1'"" ""'print(repr(value)); print(self.regex.pattern)'""","Traceback (most recent call last):
  File ""/opt/miniconda3/envs/testbed/lib/python3.5/runpy.py"", line 193, in _run_module_as_main
    ""__main__"", mod_spec)
  File ""/opt/miniconda3/envs/testbed/lib/python3.5/runpy.py"", line 85, in _run_code
    exec(code, run_globals)
  File ""/root/tools/adi_tool/bin/ADI/__main__.py"", line 3, in <module>
    from .cli import main
  File ""/root/tools/adi_tool/bin/ADI/cli.py"", line 57
    return _stable_hash(f""{env_name}={value}"")
                                            ^
SyntaxError: invalid syntax
"
adi,django__django-10554,143,standard,list-frames,target_format_error,True,True,"adi_debug ""list-frames"" ""'python /tmp/repro_ann_order.py'"" ""-"" ""-""","Error: Invalid format '-'. Expected: /path/file.py:func or /path/file.py:line
"
adi,django__django-11239,11,standard,list-frames,target_format_error,True,True,"adi_debug ""list-frames"" ""'python /testbed/reproduce_issue.py'"" ""-"" ""-""","Error: Invalid format '-'. Expected: /path/file.py:func or /path/file.py:line
"
adi,django__django-11400,18,standard,list-frames,target_format_error,True,True,"adi_debug ""list-frames"" ""'python /testbed/tests/runtests.py admin_filters.repro_ordering'"" ""-"" ""-""","Error: Invalid format '-'. Expected: /path/file.py:func or /path/file.py:line
"
adi,django__django-11400,20,standard,exec,exec_expression_error,True,True,"adi_debug ""exec"" ""'python /testbed/tests/runtests.py admin_filters.repro_ordering'"" ""'/testbed/django/contrib/admin/filters.py:RelatedFieldListFilter.field_choices#1'"" ""'print('""'""'ordering='""'""', repr(ordering), '""'""'meta_ordering='""'""', field.remote_field.model._meta.ordering, '""'""'related_admin='""'""', related_admin)'""","[exec output]
Traceback (most recent call last):
  File ""/root/tools/adi_tool/bin/ADI/dbgtool/tracer.py"", line 68, in exec_in_frame
    exec(code_str, g, l)
  File ""<string>"", line 1
    print(ordering=, repr(ordering), meta_ordering=, field.remote_field.model._meta.ordering, related_admin=, related_admin)
                   ^
SyntaxError: invalid syntax

"
adi,django__django-11433,72,standard,list-frames,target_format_error,True,True,"adi_debug ""list-frames"" ""'python /tmp/repro.py'"" ""-"" ""-""","Error: Invalid format '-'. Expected: /path/file.py:func or /path/file.py:line
"
adi,django__django-11532,9,standard,list-frames,target_format_error,True,True,"adi_debug ""list-frames"" ""'python /tmp/repro.py'"" ""-"" ""-""","Error: Invalid format '-'. Expected: /path/file.py:func or /path/file.py:line
"
adi,django__django-11532,10,standard,list-frames,target_location_error,True,True,"adi_debug ""list-frames"" ""'python /tmp/repro.py'"" ""/tmp/repro.py:1"" ""-""","Error: Line 1 is not inside any function in /tmp/repro.py
"
adi,django__django-11815,12,standard,list-frames,target_format_error,True,True,"adi_debug ""list-frames"" ""'python /testbed/repro_enum.py'"" ""-"" ""-""","Error: Invalid format '-'. Expected: /path/file.py:func or /path/file.py:line
"
adi,django__django-11885,39,standard,list-frames,target_format_error,True,True,"adi_debug ""list-frames"" ""'python /tmp/repro.py'"" ""-"" ""-""","Error: Invalid format '-'. Expected: /path/file.py:func or /path/file.py:line
"
adi,django__django-11885,41,standard,break,command_argument_error,True,True,"adi_debug ""break"" ""'python /tmp/repro.py'"" ""'/testbed/django/db/models/deletion.py:Collector.collect#2'"" ""self.fast_deletes""","Use - for statement except with exec
"
adi,django__django-11964,47,standard,list-frames,target_format_error,True,True,"adi_debug ""list-frames"" ""'python /testbed/reproduce_issue.py'"" ""-"" ""-""","Error: Invalid format '-'. Expected: /path/file.py:func or /path/file.py:line
"
adi,django__django-11964,48,standard,list-frames,target_not_reached,True,False,"adi_debug ""list-frames"" ""'python /testbed/reproduce_issue.py'"" ""'/testbed/reproduce_issue.py:MyObject.__init__#0'"" ""-""","Warning: Script execution error: MyChoice.FIRST_CHOICE
  Some functions may not have been traced.

No matching frames found.
  Make sure the function is called during execution.
"
adi,django__django-11964,51,standard,break,command_argument_error,True,True,"adi_debug ""break"" ""'python /testbed/reproduce_issue.py'"" ""'/opt/miniconda3/envs/testbed/lib/python3.6/enum.py:Enum.__str__#0'"" ""self""","Use - for statement except with exec
"
adi,django__django-11964,52,standard,break,target_not_reached,True,False,"adi_debug ""break"" ""'python /testbed/reproduce_issue.py'"" ""'/opt/miniconda3/envs/testbed/lib/python3.6/enum.py:Enum.__str__#0'"" ""-""","Error: Target frame was not reached: execution stopped due to uncaught AssertionError: MyChoice.FIRST_CHOICE at /testbed/reproduce_issue.py:42 (<module>)
Hint: Uncaught exception at /testbed/reproduce_issue.py:42 (<module>).
      If the line is inside a function, break there and use `adi exec -l` for line-level inspection.
"
adi,django__django-11964,57,standard,break,target_not_reached,True,False,"adi_debug ""break"" ""'python /testbed/reproduce_issue.py'"" ""'/testbed/django/db/models/fields/__init__.py:Field.get_prep_value#0'"" ""-""","Error: Target frame was not reached: execution stopped due to uncaught AssertionError: MyChoice.FIRST_CHOICE at /testbed/reproduce_issue.py:42 (<module>)
Hint: Uncaught exception at /testbed/reproduce_issue.py:42 (<module>).
      If the line is inside a function, break there and use `adi exec -l` for line-level inspection.
"
adi,django__django-11964,68,standard,break,target_not_reached,True,False,"adi_debug ""break"" ""'python /testbed/reproduce_issue.py'"" ""'/testbed/django/db/models/enums.py:Choices.__str__#0'"" ""-""","Error: Target frame was not reached. Did you mean one of these methods?
Hint: Frame not found. Common reasons:
  - Function not called during execution
  - Not called enough times (e.g., #3 but only called twice)
  - Did you mean: TextChoices.__str__?
"
adi,django__django-11964,69,standard,break,target_not_reached,True,False,"adi_debug ""break"" ""'python /testbed/reproduce_issue.py'"" ""'/testbed/django/db/models/enums.py:TextChoices.__str__#0'"" ""-""","Error: Target frame was not reached. Did you mean one of these methods?
Hint: Frame not found. Common reasons:
  - Function not called during execution
  - Not called enough times (e.g., #3 but only called twice)
  - Did you mean: TextChoices.__str__?
"
adi,django__django-12125,64,standard,list-frames,target_format_error,True,True,"adi_debug ""list-frames"" ""'python /testbed/repro_inner.py'"" ""-"" ""-""","Error: Invalid format '-'. Expected: /path/file.py:func or /path/file.py:line
"
adi,django__django-12125,66,standard,break,target_not_reached,True,False,"adi_debug ""break"" ""'python /testbed/repro_inner.py'"" ""'/testbed/django/db/migrations/serializer.py:DeconstructableSerializer._serialize_path#1'"" ""-""","Error: Target frame was not reached. Did you mean one of these methods?
Hint: Frame not found. Common reasons:
  - Function not called during execution
  - Not called enough times (e.g., #3 but only called twice)
  - Did you mean: _serialize_path?
"
adi,django__django-12308,16,standard,list-frames,target_format_error,True,True,"adi_debug ""list-frames"" ""'python /testbed/reproduce_json_admin.py'"" ""-"" ""-""","Error: Invalid format '-'. Expected: /path/file.py:func or /path/file.py:line
"
adi,django__django-12308,17,standard,list-frames,target_format_error,True,True,"adi_debug ""list-frames"" ""'python /testbed/reproduce_json_admin.py'"" ""/testbed/reproduce_json_admin.py"" ""-""","Error: Invalid format '/testbed/reproduce_json_admin.py'. Expected: /path/file.py:func or /path/file.py:line
"
adi,django__django-12663,21,standard,list-frames,target_format_error,True,True,"adi_debug ""list-frames"" ""'python /tmp/repro.py'"" ""-"" ""-""","Error: Invalid format '-'. Expected: /path/file.py:func or /path/file.py:line
"
adi,django__django-12663,22,standard,list-frames,target_not_reached,True,False,"adi_debug ""list-frames"" ""'python /tmp/repro.py'"" ""/tmp/repro.py:module"" ""-""","No matching frames found.
  Make sure the function is called during execution.
"
adi,django__django-12663,65,standard,exec,exec_expression_error,True,True,"adi_debug ""exec"" ""'python /tmp/repro.py'"" ""'/testbed/django/db/models/sql/query.py:Query.build_lookup#2'"" ""'print(type(lhs), type(lhs.output_field), lhs.output_field, getattr(lhs.output_field, '""'""'model'""'""', None))'""","[exec output]
Traceback (most recent call last):
  File ""/root/tools/adi_tool/bin/ADI/dbgtool/tracer.py"", line 68, in exec_in_frame
    exec(code_str, g, l)
  File ""<string>"", line 1, in <module>
NameError: name 'model' is not defined

"
adi,django__django-12663,68,standard,exec,exec_expression_error,True,True,"adi_debug ""exec"" ""'python /tmp/repro.py'"" ""'/testbed/django/db/models/sql/query.py:Query.build_lookup#2'"" ""'q = lhs.query; print('""'""'select'""'""', q.select); print('""'""'ann'""'""', q.annotations); print('""'""'ann_select'""'""', q.annotation_select); print('""'""'mask'""'""', q.annotation_select_mask); print('""'""'out'""'""', q.output_field, type(q.output_field))'""","[exec output]
Traceback (most recent call last):
  File ""/root/tools/adi_tool/bin/ADI/dbgtool/tracer.py"", line 68, in exec_in_frame
    exec(code_str, g, l)
  File ""<string>"", line 1, in <module>
NameError: name 'select' is not defined

"
adi,django__django-12663,70,standard,exec,exec_expression_error,True,True,"adi_debug ""exec"" ""'python /tmp/repro.py'"" ""'/testbed/django/db/models/sql/query.py:Query.build_lookup#2'"" ""'print(repr((lhs.query.annotations['""'""'owner_user'""'""'].query.select, lhs.query.annotations['""'""'owner_user'""'""'].query.output_field, lhs.query.output_field)))'""","[exec output]
Traceback (most recent call last):
  File ""/root/tools/adi_tool/bin/ADI/dbgtool/tracer.py"", line 68, in exec_in_frame
    exec(code_str, g, l)
  File ""<string>"", line 1, in <module>
NameError: name 'owner_user' is not defined

"
adi,django__django-13012,13,standard,list-frames,target_format_error,True,True,"adi_debug ""list-frames"" ""'python /tmp/reproduce_issue.py'"" ""-"" ""-""","Error: Invalid format '-'. Expected: /path/file.py:func or /path/file.py:line
"
adi,django__django-13012,14,standard,list-frames,target_location_error,True,True,"adi_debug ""list-frames"" ""'python /tmp/reproduce_issue.py'"" ""/tmp/reproduce_issue.py:1"" ""-""","Error: Line 1 is not inside any function in /tmp/reproduce_issue.py
"
adi,django__django-13112,28,standard,list-frames,target_format_error,True,True,"adi_debug ""list-frames"" ""'python /tmp/reproduce_issue.py'"" ""-"" ""-""","Error: Invalid format '-'. Expected: /path/file.py:func or /path/file.py:line
"
adi,django__django-13112,31,standard,exec,exec_expression_error,True,True,"adi_debug ""exec"" ""'python /tmp/reproduce_issue.py'"" ""'/testbed/django/db/migrations/state.py:StateApps.__init__#2'"" ""'print('""'""'app_configs'""'""', self.app_configs); print('""'""'pending'""'""', dict(self._pending_operations)); print('""'""'all_models'""'""', dict(self.all_models))'""","[exec output]
[<AppConfigStub: DJ_RegLogin>] {'DJ_RegLogin': <AppConfigStub: DJ_RegLogin>}
Traceback (most recent call last):
  File ""/root/tools/adi_tool/bin/ADI/dbgtool/tracer.py"", line 68, in exec_in_frame
    exec(code_str, g, l)
  File ""<string>"", line 1, in <module>
NameError: name 'pending' is not defined

"
adi,django__django-13401,45,standard,list-frames,target_format_error,True,True,"adi_debug ""list-frames"" ""'python /testbed/reproduce_issue.py'"" ""-"" ""-""","Error: Invalid format '-'. Expected: /path/file.py:func or /path/file.py:line
"
adi,django__django-13516,14,standard,list-frames,target_format_error,True,True,"adi_debug ""list-frames"" ""'python /tmp/repro_flush.py'"" ""-"" ""-""","Error: Invalid format '-'. Expected: /path/file.py:func or /path/file.py:line
"
adi,django__django-13516,15,standard,list-frames,target_format_error,True,True,"adi_debug ""list-frames"" ""'python /tmp/repro_flush.py'"" ""''"" ""-""","Error: Invalid format ''. Expected: /path/file.py:func or /path/file.py:line
"
adi,django__django-13516,37,standard,break,target_not_reached,True,False,"adi_debug ""break"" ""'python /tmp/repro_flush.py'"" ""'/testbed/django/core/management/base.py:OutputWrapper.flush#2'"" ""-""","Error: Target frame was not reached. Did you mean one of these methods?
Hint: Frame not found. Common reasons:
  - Function not called during execution
  - Not called enough times (e.g., #3 but only called twice)
  - Did you mean: OutputWrapper.flush?
"
adi,django__django-13809,21,standard,list-frames,target_format_error,True,True,"adi_debug ""list-frames"" ""'python /testbed/reproduce_issue.py'"" ""-"" ""-""","Error: Invalid format '-'. Expected: /path/file.py:func or /path/file.py:line
"
adi,django__django-14140,11,standard,list-frames,target_format_error,True,True,"adi_debug ""list-frames"" ""'python /tmp/reproduce_combine.py'"" ""-"" ""-""","Error: Invalid format '-'. Expected: /path/file.py:func or /path/file.py:line
"
adi,django__django-14351,45,standard,list-frames,target_format_error,True,True,"adi_debug ""list-frames"" ""'python /tmp/repro_issue.py'"" ""-"" ""-""","Error: Invalid format '-'. Expected: /path/file.py:func or /path/file.py:line
"
adi,django__django-14351,46,standard,list-frames,target_not_reached,True,False,"adi_debug ""list-frames"" ""'python /tmp/repro_issue.py'"" ""/tmp/repro_issue.py:main"" ""-""","No matching frames found.
  Make sure the function is called during execution.
"
adi,django__django-14500,20,standard,list-frames,target_format_error,True,True,"adi_debug ""list-frames"" ""'python /testbed/reproduce_issue.py'"" ""-"" ""-""","Error: Invalid format '-'. Expected: /path/file.py:func or /path/file.py:line
"
adi,django__django-14500,22,standard,break,command_argument_error,True,True,"adi_debug ""break"" ""'python /testbed/reproduce_issue.py'"" ""'/testbed/django/db/migrations/executor.py:MigrationExecutor.unapply_migration#1'"" ""'print(migration.replaces, migration.app_label, migration.name)'""","Use - for statement except with exec
"
adi,django__django-14500,44,standard,break,target_not_reached,True,False,"adi_debug ""break"" ""'python /testbed/reproduce_issue.py'"" ""'/testbed/django/db/migrations/executor.py:MigrationExecutor.check_replacements#1'"" ""-""","Error: Target frame was not reached: execution stopped due to uncaught FileNotFoundError: [Errno 2] No such file or directory: '/testbed/reproduce_issue.py' at /opt/miniconda3/envs/testbed/lib/python3.8/tokenize.py:392 (open)
Hint: Uncaught exception at /opt/miniconda3/envs/testbed/lib/python3.8/tokenize.py:392 (open).
      If the line is inside a function, break there and use `adi exec -l` for line-level inspection.
"
adi,django__django-14631,47,standard,list-frames,target_format_error,True,True,"adi_debug ""list-frames"" ""'python /tmp/repro_issue.py'"" ""-"" ""-""","Error: Invalid format '-'. Expected: /path/file.py:func or /path/file.py:line
"
adi,django__django-14725,28,standard,list-frames,target_format_error,True,True,"adi_debug ""list-frames"" ""'python /tmp/repro_save.py'"" ""-"" ""-""","Error: Invalid format '-'. Expected: /path/file.py:func or /path/file.py:line
"
adi,django__django-14725,73,standard,break,target_not_reached,True,False,"adi_debug ""break"" ""'python /tmp/reproduce_issue.py'"" ""'/testbed/django/forms/models.py:BaseModelFormSet.save#0'"" ""-""","Error: Target frame was not reached. Did you mean one of these methods?
Hint: Frame not found. Common reasons:
  - Function not called during execution
  - Not called enough times (e.g., #3 but only called twice)
  - Did you mean: BaseModelFormSet.save?
"
adi,django__django-14771,11,standard,list-frames,target_format_error,True,True,"adi_debug ""list-frames"" ""'python -X utf8 /tmp/repro_xoptions.py'"" ""-"" ""-""","Error: Invalid format '-'. Expected: /path/file.py:func or /path/file.py:line
"
adi,django__django-15022,79,standard,list-frames,target_format_error,True,True,"adi_debug ""list-frames"" ""'python /tmp/repro_search_joins.py'"" ""-"" ""-""","Error: Invalid format '-'. Expected: /path/file.py:func or /path/file.py:line
"
adi,django__django-15037,23,standard,list-frames,target_format_error,True,True,"adi_debug ""list-frames"" ""'python /testbed/reproduce_issue.py'"" ""-"" ""-""","Error: Invalid format '-'. Expected: /path/file.py:func or /path/file.py:line
"
adi,django__django-15127,9,standard,list-frames,target_format_error,True,True,"adi_debug ""list-frames"" ""'python /tmp/repro.py'"" ""-"" ""-""","Error: Invalid format '-'. Expected: /path/file.py:func or /path/file.py:line
"
adi,django__django-15128,85,standard,list-frames,target_format_error,True,True,"adi_debug ""list-frames"" ""'python /tmp/repro_change_aliases.py'"" ""-"" ""-""","Error: Invalid format '-'. Expected: /path/file.py:func or /path/file.py:line
"
adi,django__django-15252,122,standard,list-frames,target_format_error,True,True,"adi_debug ""list-frames"" ""'python /tmp/repro.py'"" ""-"" ""-""","Error: Invalid format '-'. Expected: /path/file.py:func or /path/file.py:line
"
adi,django__django-15554,36,standard,list-frames,target_format_error,True,True,"adi_debug ""list-frames"" ""'python /tmp/repro.py'"" ""-"" ""-""","Error: Invalid format '-'. Expected: /path/file.py:func or /path/file.py:line
"
adi,django__django-15554,37,standard,list-frames,target_location_error,True,True,"adi_debug ""list-frames"" ""'python /tmp/repro.py'"" ""/tmp/repro.py:1"" ""-""","Error: Line 1 is not inside any function in /tmp/repro.py
"
adi,django__django-15554,41,standard,exec,exec_expression_error,True,True,"adi_debug ""exec"" ""'python /tmp/repro.py'"" ""'/testbed/django/db/models/sql/query.py:Query.join#3'"" ""'print(""NEW:"", join.filtered_relation.alias if join.filtered_relation else None, join.filtered_relation.condition if join.filtered_relation else None); print(""EXISTING:"", [(a, j.filtered_relation.alias if j.filtered_relation else None, str(j.filtered_relation.condition) if j.filtered_relation else None) for a, j in self.alias_map.items()])'""","[exec output]
Traceback (most recent call last):
  File ""/root/tools/adi_tool/bin/ADI/dbgtool/tracer.py"", line 68, in exec_in_frame
    exec(code_str, g, l)
  File ""<string>"", line 1
    print(NEW:, join.filtered_relation.alias if join.filtered_relation else None, join.filtered_relation.condition if join.filtered_relation else None); print(EXISTING:, [(a, j.filtered_relation.alias if j.filtered_relation else None, str(j.filtered_relation.condition) if j.filtered_relation else None) for a, j in self.alias_map.items()])
             ^
SyntaxError: invalid syntax

"
adi,django__django-15695,58,standard,list-frames,target_format_error,True,True,"adi_debug ""list-frames"" ""'python /testbed/repro.py'"" ""-"" ""-""","Error: Invalid format '-'. Expected: /path/file.py:func or /path/file.py:line
"
adi,django__django-15695,59,standard,break,target_not_reached,True,False,"adi_debug ""break"" ""'python /testbed/repro.py'"" ""'/testbed/django/db/migrations/operations/models.py:RenameIndex.database_backwards#0'"" ""-""","Error: Target frame was not reached. Did you mean one of these methods?
Hint: Frame not found. Common reasons:
  - Function not called during execution
  - Not called enough times (e.g., #3 but only called twice)
  - Did you mean: RenameIndex.database_backwards?
"
adi,django__django-15732,44,standard,list-frames,target_format_error,True,True,"adi_debug ""list-frames"" ""'python /tmp/reproduce_issue.py'"" ""-"" ""-""","Error: Invalid format '-'. Expected: /path/file.py:func or /path/file.py:line
"
adi,django__django-16100,34,standard,list-frames,target_format_error,True,True,"adi_debug ""list-frames"" ""'python tests/runtests.py admin_changelist.test_repro_transaction -v 2'"" ""-"" ""-""","Error: Invalid format '-'. Expected: /path/file.py:func or /path/file.py:line
"
adi,django__django-16100,35,standard,list-frames,target_not_reached,True,False,"adi_debug ""list-frames"" ""'python tests/runtests.py admin_changelist.test_repro_transaction -v 2'"" ""/testbed/django/contrib/admin/options.py:changelist_view"" ""-""","Warning: Script execution error: site must subclass AdminSite
  Some functions may not have been traced.

No matching frames found.
  Make sure the function is called during execution.
"
adi,django__django-16100,36,standard,list-frames,target_not_reached,True,False,"adi_debug ""list-frames"" ""'python tests/runtests.py admin_changelist.test_repro_transaction -v 2'"" ""/testbed/django/contrib/admin/options.py:ModelAdmin.changelist_view"" ""-""","Warning: Script execution error: site must subclass AdminSite
  Some functions may not have been traced.

No matching frames found.
  Make sure the function is called during execution.
"
adi,django__django-16100,41,standard,list-frames,target_not_reached,True,False,"adi_debug ""list-frames"" ""'python /testbed/reproduce_issue.py'"" ""/testbed/django/contrib/admin/options.py:ModelAdmin.changelist_view"" ""-""","Warning: Script execution error: site must subclass AdminSite
  Some functions may not have been traced.

No matching frames found.
  Make sure the function is called during execution.
"
adi,django__django-16100,43,standard,break,target_not_reached,True,False,"adi_debug ""break"" ""'python /testbed/reproduce_issue.py'"" ""/testbed/django/contrib/admin/options.py:ModelAdmin.changelist_view"" ""-""","Error: Target frame was not reached: execution stopped due to uncaught ValueError: site must subclass AdminSite at /testbed/django/contrib/admin/decorators.py:102 (_model_admin_wrapper)
Hint: Uncaught exception at /testbed/django/contrib/admin/decorators.py:102 (_model_admin_wrapper).
      If the line is inside a function, break there and use `adi exec -l` for line-level inspection.
"
adi,django__django-16256,13,standard,list-frames,target_format_error,True,True,"adi_debug ""list-frames"" ""'python /testbed/reproduce_issue.py'"" ""-"" ""-""","Error: Invalid format '-'. Expected: /path/file.py:func or /path/file.py:line
"
adi,django__django-16256,14,standard,list-frames,target_not_reached,True,False,"adi_debug ""list-frames"" ""'python /testbed/reproduce_issue.py'"" ""/testbed/reproduce_issue.py:main"" ""-""","Warning: Script execution error: table ""repro_app_parent"" already exists
  Some functions may not have been traced.

No matching frames found.
  Make sure the function is called during execution.
"
adi,django__django-16560,75,standard,list-frames,target_format_error,True,True,"adi_debug ""list-frames"" ""'python /testbed/reproduce_issue.py'"" ""-"" ""-""","Error: Invalid format '-'. Expected: /path/file.py:func or /path/file.py:line
"
adi,django__django-16877,35,standard,list-frames,target_format_error,True,True,"adi_debug ""list-frames"" ""'python /tmp/repro_adi.py'"" ""-"" ""-""","Error: Invalid format '-'. Expected: /path/file.py:func or /path/file.py:line
"
adi,django__django-16877,36,standard,list-frames,target_not_reached,True,False,"adi_debug ""list-frames"" ""'python /tmp/repro_adi.py'"" ""/tmp/repro_adi.py:render_placeholder"" ""-""","No matching frames found.
  Make sure the function is called during execution.
"
adi,django__django-16938,28,standard,list-frames,target_format_error,True,True,"adi_debug ""list-frames"" ""'python /testbed/repro_select_related_serializer.py'"" ""-"" ""-""","Error: Invalid format '-'. Expected: /path/file.py:func or /path/file.py:line
"
adi,django__django-16938,34,standard,break,target_not_reached,True,False,"adi_debug ""break"" ""'python /testbed/repro_select_related_serializer.py'"" ""'/testbed/django/core/serializers/python.py:Serializer.handle_m2m_field.queryset_iterator#1'"" ""-""","Error: Target frame was not reached: execution stopped due to uncaught FieldError: Field TestTag.master cannot be both deferred and traversed using select_related at the same time. at /testbed/django/db/models/query_utils.py:347 (select_related_descend)
Hint: Uncaught exception at /testbed/django/db/models/query_utils.py:347 (select_related_descend).
      If the line is inside a function, break there and use `adi exec -l` for line-level inspection.
"
adi,django__django-16938,38,standard,exec,exec_expression_error,True,True,"adi_debug ""exec"" ""'python /testbed/repro_select_related_serializer.py'"" ""'/testbed/django/core/serializers/python.py:queryset_iterator#1'"" ""$'q = getattr(obj, field.name)\nprint(\'select_related=\', q.query.select_related)\nprint(\'select_mask=\', q.query.select_mask)\ntry:\n    qo = q.only(\'pk\')\n    print(\'only select_related=\', qo.query.select_related)\n    print(\'only select_mask=\', qo.query.select_mask)\nexcept Exception as e:\n    print(\'only error\', type(e), e)\ntry:\n    qc = q.select_related(None).only(\'pk\')\n    print(\'cleared select_related=\', qc.query.select_related)\n    print(\'cleared select_mask=\', qc.query.select_mask)\nexcept Exception as e:\n    print(\'cleared error\', type(e), e)'""","[exec output]
Traceback (most recent call last):
  File ""/root/tools/adi_tool/bin/ADI/dbgtool/tracer.py"", line 68, in exec_in_frame
    exec(code_str, g, l)
  File ""<string>"", line 1
    $'q = getattr(obj, field.name)\nprint('select_related=', q.query.select_related)\nprint('select_mask=', q.query.select_mask)\ntry:\n    qo = q.only('pk')\n    print('only select_related=', qo.query.select_related)\n    print('only select_mask=', qo.query.select_mask)\nexcept Exception as e:\n    print('only error', type(e), e)\ntry:\n    qc = q.select_related(None).only('pk')\n    print('cleared select_related=', qc.query.select_related)\n    print('cleared select_mask=', qc.query.select_mask)\nexcept Exception as e:\n    print('cleared error', type(e), e)'
    ^
SyntaxError: invalid syntax

"
adi,django__django-16938,39,standard,exec,exec_expression_error,True,True,"adi_debug ""exec"" ""'python /testbed/repro_select_related_serializer.py'"" ""'/testbed/django/core/serializers/python.py:queryset_iterator#1'"" ""'print(getattr(obj, field.name).query.select_related)'""","[exec output]
Traceback (most recent call last):
  File ""/root/tools/adi_tool/bin/ADI/dbgtool/tracer.py"", line 68, in exec_in_frame
    exec(code_str, g, l)
  File ""<string>"", line 1, in <module>
AttributeError: 'ManyRelatedManager' object has no attribute 'query'

"
adi,django__django-16938,40,standard,exec,command_argument_error,True,True,"adi_debug ""exec"" ""'python /testbed/repro_select_related_serializer.py'"" ""'/testbed/django/core/serializers/python.py:queryset_iterator#1'"" ""'q = getattr(obj, field.name).get_queryset(); print('""'""'select_related='""'""', q.query.select_related); print('""'""'select_mask='""'""', q.query.select_mask); qo = q.only('""'""'pk'""'""'); print('""'""'only select_related='""'""', qo.query.select_related); print('""'""'only select_mask='""'""', qo.query.select_mask)'""","Usage: adi_debug {list-frames|break|call-tree|exec} python_command /absolute/file.py:function[#n] statement_or_dash
"
adi,matplotlib__matplotlib-20676,21,standard,list-frames,target_format_error,True,True,"adi_debug ""list-frames"" ""'python /tmp/repro.py'"" ""-"" ""-""","Error: Invalid format '-'. Expected: /path/file.py:func or /path/file.py:line
"
adi,matplotlib__matplotlib-20676,23,standard,break,target_not_reached,True,False,"adi_debug ""break"" ""'python /tmp/repro.py'"" ""'/testbed/lib/matplotlib/axes/_base.py:_AxesBase._update_line_limits#0'"" ""-""","Error: Target frame was not reached. Did you mean one of these methods?
Hint: Frame not found. Common reasons:
  - Function not called during execution
  - Not called enough times (e.g., #3 but only called twice)
  - Did you mean: _AxesBase._update_line_limits?
"
adi,matplotlib__matplotlib-20826,36,standard,list-frames,target_format_error,True,True,"adi_debug ""list-frames"" ""'python /tmp/repro_adi.py'"" ""-"" ""-""","Error: Invalid format '-'. Expected: /path/file.py:func or /path/file.py:line
"
adi,matplotlib__matplotlib-21568,23,standard,list-frames,target_format_error,True,True,"adi_debug ""list-frames"" ""'python /tmp/repro_dates_tex.py'"" ""-"" ""-""","Error: Invalid format '-'. Expected: /path/file.py:func or /path/file.py:line
"
adi,matplotlib__matplotlib-22719,24,standard,list-frames,target_format_error,True,True,"adi_debug ""list-frames"" ""'python /tmp/repro.py'"" ""-"" ""-""","Error: Invalid format '-'. Expected: /path/file.py:func or /path/file.py:line
"
adi,matplotlib__matplotlib-22865,15,standard,list-frames,target_format_error,True,True,"adi_debug ""list-frames"" ""'python /tmp/repro.py'"" ""-"" ""-""","Error: Invalid format '-'. Expected: /path/file.py:func or /path/file.py:line
"
adi,matplotlib__matplotlib-24177,27,standard,list-frames,target_format_error,True,True,"adi_debug ""list-frames"" ""'python /testbed/reproduce_issue.py'"" ""-"" ""-""","Error: Invalid format '-'. Expected: /path/file.py:func or /path/file.py:line
"
adi,matplotlib__matplotlib-24637,36,standard,list-frames,target_format_error,True,True,"adi_debug ""list-frames"" ""'python /tmp/repro_ab_gid.py'"" ""-"" ""-""","Error: Invalid format '-'. Expected: /path/file.py:func or /path/file.py:line
"
adi,matplotlib__matplotlib-24637,40,standard,exec,exec_expression_error,True,True,"adi_debug ""exec"" ""'python /tmp/repro_ab_gid.py'"" ""'/testbed/lib/matplotlib/offsetbox.py:AnnotationBbox.draw#1'"" ""'print('""'""'EXEC'""'""', self.get_gid(), self.offsetbox.get_gid())'""","[exec output]
Traceback (most recent call last):
  File ""/root/tools/adi_tool/bin/ADI/dbgtool/tracer.py"", line 68, in exec_in_frame
    exec(code_str, g, l)
  File ""<string>"", line 1, in <module>
NameError: name 'EXEC' is not defined

"
adi,matplotlib__matplotlib-25775,33,standard,list-frames,target_format_error,True,True,"adi_debug ""list-frames"" ""'python /tmp/repro_draw.py'"" ""-"" ""-""","Error: Invalid format '-'. Expected: /path/file.py:func or /path/file.py:line
"
adi,matplotlib__matplotlib-25775,88,standard,exec,command_argument_error,True,True,"adi_debug ""exec"" ""'python /tmp/repro_draw.py'"" ""'/testbed/lib/matplotlib/backends/backend_agg.py:RendererAgg.draw_text#1'"" ""'print('""'""'gc aa'""'""', gc.get_antialiased()); print('""'""'text aa'""'""', mtext.get_antialiased() if mtext else None)'""","Usage: adi_debug {list-frames|break|call-tree|exec} python_command /absolute/file.py:function[#n] statement_or_dash
"
adi,matplotlib__matplotlib-25775,91,standard,exec,command_argument_error,True,True,"adi_debug ""exec"" ""'python /tmp/repro_aa_draw_false.py'"" ""'/testbed/lib/matplotlib/backends/backend_agg.py:RendererAgg.draw_text#1'"" ""'print('""'""'gc aa'""'""', gc.get_antialiased())'""","Usage: adi_debug {list-frames|break|call-tree|exec} python_command /absolute/file.py:function[#n] statement_or_dash
"
adi,matplotlib__matplotlib-25960,42,standard,list-frames,target_format_error,True,True,"adi_debug ""list-frames"" ""'python /tmp/repro.py'"" ""-"" ""-""","Error: Invalid format '-'. Expected: /path/file.py:func or /path/file.py:line
"
adi,mwaskom__seaborn-3069,53,standard,list-frames,target_format_error,True,True,"adi_debug ""list-frames"" ""'python /tmp/repro_nominal_axis.py'"" ""-"" ""-""","Error: Invalid format '-'. Expected: /path/file.py:func or /path/file.py:line
"
adi,mwaskom__seaborn-3069,54,standard,list-frames,target_location_error,True,True,"adi_debug ""list-frames"" ""'python /tmp/repro_nominal_axis.py'"" ""/tmp/repro_nominal_axis.py:1"" ""-""","Error: Line 1 is not inside any function in /tmp/repro_nominal_axis.py
"
adi,mwaskom__seaborn-3069,58,standard,exec,exec_expression_error,True,True,"adi_debug ""exec"" ""'python /tmp/repro_nominal_axis.py'"" ""'/testbed/seaborn/_core/plot.py:Plotter._finalize_figure#1'"" ""'print(list(self._scales.keys())); print([(k, type(v).__name__, getattr(v, ""_legend"", ""NA"")) for k, v in self._scales.items()]); print(list(p._limits.keys()))'""","[exec output]
['x', 'y']
Traceback (most recent call last):
  File ""/root/tools/adi_tool/bin/ADI/dbgtool/tracer.py"", line 68, in exec_in_frame
    exec(code_str, g, l)
  File ""<string>"", line 1, in <module>
  File ""<string>"", line 1, in <listcomp>
NameError: name '_legend' is not defined

"
adi,mwaskom__seaborn-3187,58,standard,list-frames,target_format_error,True,True,"adi_debug ""list-frames"" ""'python /testbed/reproduce_issue.py'"" ""-"" ""-""","Error: Invalid format '-'. Expected: /path/file.py:func or /path/file.py:line
"
adi,psf__requests-1766,24,standard,list-frames,target_format_error,True,True,"adi_debug ""list-frames"" ""'python /tmp/repro_qop.py'"" ""-"" ""-""","Error: Invalid format '-'. Expected: /path/file.py:func or /path/file.py:line
"
adi,psf__requests-2317,15,standard,list-frames,target_format_error,True,True,"adi_debug ""list-frames"" ""'python /tmp/repro.py'"" ""-"" ""-""","Error: Invalid format '-'. Expected: /path/file.py:func or /path/file.py:line
"
adi,psf__requests-2317,16,standard,list-frames,target_not_reached,True,False,"adi_debug ""list-frames"" ""'python /tmp/repro.py'"" ""'/tmp/repro.py:&lt;module&gt;'"" ""-""","Warning: Script execution error: FAIL direct: b'GET'
  Some functions may not have been traced.

No matching frames found.
  Make sure the function is called during execution.
"
adi,psf__requests-2931,35,standard,list-frames,target_format_error,True,True,"adi_debug ""list-frames"" ""'python /tmp/reproduce_issue.py'"" ""-"" ""-""","Error: Invalid format '-'. Expected: /path/file.py:func or /path/file.py:line
"
adi,psf__requests-2931,36,standard,break,target_not_reached,True,False,"adi_debug ""break"" ""'python /tmp/reproduce_issue.py'"" ""'/testbed/requests/models.py:RequestEncodingMixin._encode_params#1'"" ""-""","Error: Target frame was not reached: execution stopped due to uncaught UnicodeDecodeError: 'ascii' codec can't decode byte 0xc3 in position 0: ordinal not in range(128) at /testbed/requests/utils.py:700 (to_native_string)
Hint: Uncaught exception at /testbed/requests/utils.py:700 (to_native_string).
      If the line is inside a function, break there and use `adi exec -l` for line-level inspection.
"
adi,psf__requests-2931,55,standard,break,target_not_reached,True,False,"adi_debug ""break"" ""'python /tmp/reproduce_issue.py'"" ""'/testbed/requests/utils.py:to_native_string#2'"" ""-""","Error: Target frame was not reached. Did you mean one of these methods?
Hint: Frame not found. Common reasons:
  - Function not called during execution
  - Not called enough times (e.g., #3 but only called twice)
  - Did you mean: to_native_string?
"
adi,psf__requests-2931,58,standard,exec,target_not_reached,True,False,"adi_debug ""exec"" ""'python /tmp/reproduce_issue.py'"" ""'/testbed/requests/models.py:RequestEncodingMixin._encode_params#2'"" ""'print(type(data), data)'""","Error: exec_result.txt not found (injected statement was not executed).
Detail: Target frame was not reached. Did you mean one of these methods?
Hint: Check frame_id / -l / --loop-index and ensure the target reaches that point.
"
adi,psf__requests-6028,48,standard,list-frames,target_format_error,True,True,"adi_debug ""list-frames"" ""'python /tmp/repro_proxy.py'"" ""-"" ""-""","Error: Invalid format '-'. Expected: /path/file.py:func or /path/file.py:line
"
adi,pydata__xarray-4687,72,standard,list-frames,target_format_error,True,True,"adi_debug ""list-frames"" ""'python /tmp/repro_where_attrs_runtime.py'"" ""-"" ""-""","Error: Invalid format '-'. Expected: /path/file.py:func or /path/file.py:line
"
adi,pydata__xarray-6721,22,standard,list-frames,target_format_error,True,True,"adi_debug ""list-frames"" ""'python /tmp/repro_chunks.py'"" ""-"" ""-""","Error: Invalid format '-'. Expected: /path/file.py:func or /path/file.py:line
"
adi,pydata__xarray-6938,11,standard,list-frames,target_format_error,True,True,"adi_debug ""list-frames"" ""'python /tmp/debug.py'"" ""-"" ""-""","Error: Invalid format '-'. Expected: /path/file.py:func or /path/file.py:line
"
adi,pydata__xarray-6992,59,standard,list-frames,target_format_error,True,True,"adi_debug ""list-frames"" ""'python /tmp/repro.py'"" ""-"" ""-""","Error: Invalid format '-'. Expected: /path/file.py:func or /path/file.py:line
"
adi,pydata__xarray-7229,57,standard,list-frames,target_format_error,True,True,"adi_debug ""list-frames"" ""'python /tmp/repro_adi.py'"" ""-"" ""-""","Error: Invalid format '-'. Expected: /path/file.py:func or /path/file.py:line
"
adi,pylint-dev__pylint-4551,70,standard,list-frames,target_format_error,True,True,"adi_debug ""list-frames"" ""'python /testbed/reproduce_issue.py'"" ""-"" ""-""","Error: Invalid format '-'. Expected: /path/file.py:func or /path/file.py:line
"
adi,pylint-dev__pylint-4551,71,standard,break,target_not_reached,True,False,"adi_debug ""break"" ""'python /testbed/reproduce_issue.py'"" ""'/testbed/pylint/pyreverse/inspector.py:Linker.handle_assignattr_type#1'"" ""-""","Error: Target frame was not reached. Did you mean one of these methods?
Hint: Frame not found. Common reasons:
  - Function not called during execution
  - Not called enough times (e.g., #3 but only called twice)
  - Did you mean: handle_assignattr_type?
"
adi,pylint-dev__pylint-7080,86,standard,list-frames,target_format_error,True,True,"adi_debug ""list-frames"" ""'python /tmp/reproduce_issue.py'"" ""-"" ""-""","Error: Invalid format '-'. Expected: /path/file.py:func or /path/file.py:line
"
adi,pytest-dev__pytest-7205,15,standard,list-frames,target_format_error,True,True,"adi_debug ""list-frames"" ""'python -bb -m pytest --setup-show -q /tmp/pytest_bytes_repro/test_bytes.py'"" ""-"" ""-""","Error: Invalid format '-'. Expected: /path/file.py:func or /path/file.py:line
"
adi,pytest-dev__pytest-7205,18,standard,exec,command_argument_error,True,True,"adi_debug ""exec"" ""'python -bb -m pytest --setup-show -q /tmp/pytest_bytes_repro/test_bytes.py'"" ""'/testbed/src/_pytest/setuponly.py:_show_fixture_action#1'"" ""'print(""cached_param type"", type(getattr(fixturedef, ""cached_param"", None)), ""repr"", repr(getattr(fixturedef, ""cached_param"", None))); from _pytest._io.saferepr import saferepr; print(""saferepr"", saferepr(getattr(fixturedef, ""cached_param"", None)))'""","Usage: adi_debug {list-frames|break|call-tree|exec} python_command /absolute/file.py:function[#n] statement_or_dash
"
adi,pytest-dev__pytest-7982,19,standard,list-frames,target_format_error,True,True,"adi_debug ""list-frames"" ""'python /tmp/repro_symlink/repro_inproc.py'"" ""-"" ""-""","Error: Invalid format '-'. Expected: /path/file.py:func or /path/file.py:line
"
adi,scikit-learn__scikit-learn-12682,65,standard,list-frames,target_format_error,True,True,"adi_debug ""list-frames"" ""'python /tmp/adi_repro.py'"" ""-"" ""-""","Error: Invalid format '-'. Expected: /path/file.py:func or /path/file.py:line
"
adi,scikit-learn__scikit-learn-12682,66,standard,list-frames,target_location_error,True,True,"adi_debug ""list-frames"" ""'python /tmp/adi_repro.py'"" ""/tmp/adi_repro.py:1"" ""-""","Error: Line 1 is not inside any function in /tmp/adi_repro.py
"
adi,scikit-learn__scikit-learn-12682,68,standard,break,command_argument_error,True,True,"adi_debug ""break"" ""'python /tmp/adi_repro.py'"" ""'/testbed/sklearn/decomposition/dict_learning.py:_sparse_encode#1'"" ""'print(""max_iter ="", max_iter, ""algorithm ="", algorithm)'""","Usage: adi_debug {list-frames|break|call-tree|exec} python_command /absolute/file.py:function[#n] statement_or_dash
"
adi,scikit-learn__scikit-learn-14629,16,standard,list-frames,target_format_error,True,True,"adi_debug ""list-frames"" ""'python /tmp/repro.py'"" ""-"" ""-""","Error: Invalid format '-'. Expected: /path/file.py:func or /path/file.py:line
"
adi,scikit-learn__scikit-learn-14629,18,standard,exec,exec_expression_error,True,True,"adi_debug ""exec"" ""'python /tmp/repro.py'"" ""'/testbed/sklearn/model_selection/_validation.py:_fit_and_predict#1'"" ""'print('""'""'method='""'""', method, '""'""'has_classes='""'""', hasattr(estimator, '""'""'classes_'""'""'), '""'""'is_list='""'""', isinstance(predictions, list), '""'""'type='""'""', type(estimator).__name__, '""'""'has_est='""'""', hasattr(estimator, '""'""'estimators_'""'""'))'""","[exec output]
Traceback (most recent call last):
  File ""/root/tools/adi_tool/bin/ADI/dbgtool/tracer.py"", line 68, in exec_in_frame
    exec(code_str, g, l)
  File ""<string>"", line 1
    print(method=, method, has_classes=, hasattr(estimator, classes_), is_list=, isinstance(predictions, list), type=, type(estimator).__name__, has_est=, hasattr(estimator, estimators_))
                 ^
SyntaxError: invalid syntax

"
adi,scikit-learn__scikit-learn-25747,35,standard,list-frames,target_format_error,True,True,"adi_debug ""list-frames"" ""'python /tmp/repro.py'"" ""-"" ""-""","Error: Invalid format '-'. Expected: /path/file.py:func or /path/file.py:line
"
adi,scikit-learn__scikit-learn-25747,36,standard,list-frames,target_not_reached,True,False,"adi_debug ""list-frames"" ""'python /tmp/repro.py'"" ""/tmp/repro.py:module"" ""-""","Warning: Script execution error: Length mismatch: Expected axis has 4 elements, new values have 96 elements
  Some functions may not have been traced.

No matching frames found.
  Make sure the function is called during execution.
"
adi,scikit-learn__scikit-learn-26194,65,standard,list-frames,target_format_error,True,True,"adi_debug ""list-frames"" ""'python /testbed/reproduce_issue.py'"" ""-"" ""-""","Error: Invalid format '-'. Expected: /path/file.py:func or /path/file.py:line
"
adi,sphinx-doc__sphinx-10323,61,standard,list-frames,target_format_error,True,True,"adi_debug ""list-frames"" ""'python /tmp/repro_issue.py'"" ""-"" ""-""","Error: Invalid format '-'. Expected: /path/file.py:func or /path/file.py:line
"
adi,sphinx-doc__sphinx-10323,62,standard,list-frames,target_location_error,True,True,"adi_debug ""list-frames"" ""'python /tmp/repro_issue.py'"" ""/tmp/repro_issue.py:1"" ""-""","Error: Line 1 is not inside any function in /tmp/repro_issue.py
"
adi,sphinx-doc__sphinx-10435,26,standard,list-frames,target_format_error,True,True,"adi_debug ""list-frames"" ""'python -m sphinx -b latex /tmp/reproj /tmp/reproj/_build'"" ""-"" ""-""","Error: Invalid format '-'. Expected: /path/file.py:func or /path/file.py:line
"
adi,sphinx-doc__sphinx-10435,27,standard,list-frames,target_not_reached,True,False,"adi_debug ""list-frames"" ""'python -m sphinx -b latex /tmp/reproj /tmp/reproj/_build'"" ""'/testbed/sphinx/writers/latex.py:LaTeXWriter.visit_literal#1'"" ""-""","No matching frames found.
  Make sure the function is called during execution.
"
adi,sphinx-doc__sphinx-10435,29,standard,list-frames,target_not_reached,True,False,"adi_debug ""list-frames"" ""'python -m sphinx -b latex /tmp/reproj /tmp/reproj/_build'"" ""'/testbed/sphinx/writers/latex.py:LaTeXWriter.visit_literal#1'"" ""-""","No matching frames found.
  Make sure the function is called during execution.
"
adi,sphinx-doc__sphinx-10435,33,standard,list-frames,target_not_reached,True,False,"adi_debug ""list-frames"" ""'python /testbed/reproduce_issue.py'"" ""'/testbed/sphinx/writers/latex.py:LaTeXWriter.visit_literal#1'"" ""-""","No matching frames found.
  Make sure the function is called during execution.
"
adi,sphinx-doc__sphinx-7440,33,standard,list-frames,target_format_error,True,True,"adi_debug ""list-frames"" ""'python /testbed/reproduce_issue.py'"" ""-"" ""-""","Error: Invalid format '-'. Expected: /path/file.py:func or /path/file.py:line
"
adi,sphinx-doc__sphinx-8265,26,standard,list-frames,target_format_error,True,True,"adi_debug ""list-frames"" ""'python /testbed/reproduce_issue.py'"" ""-"" ""-""","Error: Invalid format '-'. Expected: /path/file.py:func or /path/file.py:line
"
adi,sphinx-doc__sphinx-9258,36,standard,list-frames,target_format_error,True,True,"adi_debug ""list-frames"" ""'python /tmp/reproduce_union.py'"" ""-"" ""-""","Error: Invalid format '-'. Expected: /path/file.py:func or /path/file.py:line
"
adi,sphinx-doc__sphinx-9258,59,standard,exec,exec_expression_error,True,True,"adi_debug ""exec"" ""'python /tmp/reproduce_union.py'"" ""'/testbed/sphinx/domains/python.py:PyXrefMixin.make_xrefs#2'"" ""'print('""'""'target:'""'""', target); print('""'""'split:'""'""', re.split(delims, target))'""","[exec output]
Traceback (most recent call last):
  File ""/root/tools/adi_tool/bin/ADI/dbgtool/tracer.py"", line 68, in exec_in_frame
    exec(code_str, g, l)
  File ""<string>"", line 1
    print(target:, target); print(split:, re.split(delims, target))
                ^
SyntaxError: invalid syntax

"
adi,sphinx-doc__sphinx-9602,83,standard,list-frames,target_format_error,True,True,"adi_debug ""list-frames"" ""'python /testbed/repro_issue.py'"" ""-"" ""-""","Error: Invalid format '-'. Expected: /path/file.py:func or /path/file.py:line
"
adi,sphinx-doc__sphinx-9658,42,standard,list-frames,target_format_error,True,True,"adi_debug ""list-frames"" ""'python /tmp/reproduce_mock_bases.py'"" ""-"" ""-""","Error: Invalid format '-'. Expected: /path/file.py:func or /path/file.py:line
"
adi,sphinx-doc__sphinx-9658,46,standard,exec,exec_expression_error,True,True,"adi_debug ""exec"" ""'python /tmp/reproduce_mock_bases.py'"" ""'/testbed/sphinx/util/typing.py:restify#1'"" ""'print(type(cls), repr(cls), repr(getattr(cls, '""'""'__qualname__'""'""', None)), repr(cls.__class__.__name__))'""","[exec output]
Traceback (most recent call last):
  File ""/root/tools/adi_tool/bin/ADI/dbgtool/tracer.py"", line 68, in exec_in_frame
    exec(code_str, g, l)
  File ""<string>"", line 1, in <module>
NameError: name '__qualname__' is not defined

"
adi,sphinx-doc__sphinx-9658,47,standard,exec,exec_expression_error,True,True,"adi_debug ""exec"" ""'python /tmp/reproduce_mock_bases.py'"" ""'/testbed/sphinx/util/typing.py:restify#1'"" ""'print(type(cls)); print(repr(cls)); print(repr(getattr(cls, chr(95)*2 + '""'""'qualname'""'""' + chr(95)*2, None)))'""","[exec output]
<class 'missing_module.Class'>
missing_module.Class
Traceback (most recent call last):
  File ""/root/tools/adi_tool/bin/ADI/dbgtool/tracer.py"", line 68, in exec_in_frame
    exec(code_str, g, l)
  File ""<string>"", line 1, in <module>
NameError: name 'qualname' is not defined

"
adi,sphinx-doc__sphinx-9658,48,standard,exec,exec_expression_error,True,True,"adi_debug ""exec"" ""'python /tmp/reproduce_mock_bases.py'"" ""'/testbed/sphinx/util/typing.py:restify#1'"" ""'print(repr(getattr(cls, '""'""'__module__'""'""', None))); print(repr(getattr(cls, '""'""'__name__'""'""', None)))'""","[exec output]
Traceback (most recent call last):
  File ""/root/tools/adi_tool/bin/ADI/dbgtool/tracer.py"", line 68, in exec_in_frame
    exec(code_str, g, l)
  File ""<string>"", line 1, in <module>
NameError: name '__module__' is not defined

"
adi,sphinx-doc__sphinx-9698,24,standard,list-frames,target_format_error,True,True,"adi_debug ""list-frames"" ""'python /testbed/reproduce_issue.py'"" ""-"" ""-""","Error: Invalid format '-'. Expected: /path/file.py:func or /path/file.py:line
"
adi,sympy__sympy-12489,29,standard,list-frames,target_format_error,True,True,"adi_debug ""list-frames"" ""'python /tmp/repro2.py'"" ""-"" ""-""","Error: Invalid format '-'. Expected: /path/file.py:func or /path/file.py:line
"
adi,sympy__sympy-13798,11,standard,list-frames,target_format_error,True,True,"adi_debug ""list-frames"" ""'python /tmp/repro.py'"" ""-"" ""-""","Error: Invalid format '-'. Expected: /path/file.py:func or /path/file.py:line
"
adi,sympy__sympy-14248,75,standard,list-frames,target_format_error,True,True,"adi_debug ""list-frames"" ""'python /tmp/reproduce_issue.py'"" ""-"" ""-""","Error: Invalid format '-'. Expected: /path/file.py:func or /path/file.py:line
"
adi,sympy__sympy-14976,20,standard,list-frames,target_format_error,True,True,"adi_debug ""list-frames"" ""'python /testbed/reproduce_issue.py'"" ""-"" ""-""","Error: Invalid format '-'. Expected: /path/file.py:func or /path/file.py:line
"
adi,sympy__sympy-14976,21,standard,break,target_not_reached,True,False,"adi_debug ""break"" ""'python /testbed/reproduce_issue.py'"" ""'/testbed/sympy/printing/str.py:_print_Rational#1'"" ""-""","Error: Target frame was not reached. Did you mean one of these methods?
Hint: Frame not found. Common reasons:
  - Function not called during execution
  - Not called enough times (e.g., #3 but only called twice)
  - Did you mean: StrPrinter._print_Rational?
"
adi,sympy__sympy-15017,19,standard,list-frames,target_format_error,True,True,"adi_debug ""list-frames"" ""'python /testbed/reproduce_issue.py'"" ""-"" ""-""","Error: Invalid format '-'. Expected: /path/file.py:func or /path/file.py:line
"
adi,sympy__sympy-15017,23,standard,exec,exec_expression_error,True,True,"adi_debug ""exec"" ""'python /testbed/reproduce_issue.py'"" ""'/testbed/sympy/tensor/array/ndim_array.py:NDimArray.__len__#1'"" ""'print('""'""'rank='""'""', self._rank, '""'""'shape='""'""', self._shape, '""'""'loop_size='""'""', self._loop_size, '""'""'iterator_elems='""'""', list(self))'""","[exec output]
Traceback (most recent call last):
  File ""/root/tools/adi_tool/bin/ADI/dbgtool/tracer.py"", line 68, in exec_in_frame
    exec(code_str, g, l)
  File ""<string>"", line 1
    print(rank=, self._rank, shape=, self._shape, loop_size=, self._loop_size, iterator_elems=, list(self))
               ^
SyntaxError: invalid syntax

"
adi,sympy__sympy-15599,4,standard,list-frames,target_format_error,True,True,"adi_debug ""list-frames"" ""'python /testbed/reproduce_issue.py'"" ""-"" ""-""","Error: Invalid format '-'. Expected: /path/file.py:func or /path/file.py:line
"
adi,sympy__sympy-15599,5,standard,list-frames,target_location_error,True,True,"adi_debug ""list-frames"" ""'python /testbed/reproduce_issue.py'"" ""/testbed/reproduce_issue.py:1"" ""-""","Error: Line 1 is not inside any function in /testbed/reproduce_issue.py
"
adi,sympy__sympy-17655,43,standard,list-frames,target_format_error,True,True,"adi_debug ""list-frames"" ""'python /tmp/repro.py'"" ""-"" ""-""","Error: Invalid format '-'. Expected: /path/file.py:func or /path/file.py:line
"
adi,sympy__sympy-17655,45,standard,break,command_argument_error,True,True,"adi_debug ""break"" ""'python /tmp/repro.py'"" ""'/testbed/sympy/geometry/point.py:Point.__add__#1'"" ""'print('""'""'self='""'""', self, '""'""'other='""'""', other, type(other))'""","Use - for statement except with exec
"
adi,sympy__sympy-18211,26,standard,list-frames,target_format_error,True,True,"adi_debug ""list-frames"" ""'python /tmp/repro3.py'"" ""-"" ""-""","Error: Invalid format '-'. Expected: /path/file.py:func or /path/file.py:line
"
adi,sympy__sympy-18211,27,standard,list-frames,target_not_reached,True,False,"adi_debug ""list-frames"" ""'python /tmp/repro3.py'"" ""'/tmp/repro3.py:&lt;module&gt;'"" ""-""","Warning: Script execution error: 
The inequality, Eq(x*cos(x) - 3*sin(x), 0), cannot be solved using
solve_univariate_inequality.
  Some functions may not have been traced.

No matching frames found.
  Make sure the function is called during execution.
"
adi,sympy__sympy-18698,63,standard,list-frames,target_format_error,True,True,"adi_debug ""list-frames"" ""'python /testbed/reproduce_issue.py'"" ""-"" ""-""","Error: Invalid format '-'. Expected: /path/file.py:func or /path/file.py:line
"
adi,sympy__sympy-18698,64,standard,list-frames,target_location_error,True,True,"adi_debug ""list-frames"" ""'python /testbed/reproduce_issue.py'"" ""/testbed/reproduce_issue.py:1"" ""-""","Error: Line 1 is not inside any function in /testbed/reproduce_issue.py
"
adi,sympy__sympy-19040,52,standard,list-frames,target_format_error,True,True,"adi_debug ""list-frames"" ""'python /tmp/repro.py'"" ""-"" ""-""","Error: Invalid format '-'. Expected: /path/file.py:func or /path/file.py:line
"
adi,sympy__sympy-21379,12,standard,list-frames,target_format_error,True,True,"adi_debug ""list-frames"" ""'python /tmp/repro.py'"" ""-"" ""-""","Error: Invalid format '-'. Expected: /path/file.py:func or /path/file.py:line
"
adi,sympy__sympy-23413,31,standard,list-frames,target_format_error,True,True,"adi_debug ""list-frames"" ""'python /testbed/repro_hnf.py'"" ""-"" ""-""","Error: Invalid format '-'. Expected: /path/file.py:func or /path/file.py:line
"
daira,django__django-10097,11,standard,trace,environment_error,True,False,run_hunter_trace /testbed/reproduce_issue.py django/core __call__ 6,"## Input Status

The provided data does **not** contain a target code file, a traced function, or a runtime trace log.  
Instead, the captured output is a **parse-time SyntaxError** from:

```text
File ""/root/tools/dynamic_analysis_tool/bin/run_hunter_trace"", line 148
print(f""--- Starting Hunter (Python Script Mode) ---"")
SyntaxError: invalid syntax
```

Because this error occurs **before any function is executed**, there is no dynamic execution workflow to trace. The analysis below describes the parse-time failure that aborts the script.

---

## 1. Initial Representation

```text
Source line 148 of /root/tools/dynamic_analysis_tool/bin/run_hunter_trace
print(f""--- Starting Hunter (Python Script Mode) ---"")
```

The interpreter is attempting to parse/compile the script.

---

## 2. Top-Level Call

```text
Python interpreter: parse/compile /root/tools/dynamic_analysis_tool/bin/run_hunter_trace
```

No user-defined function is called because parsing fails.

---

## 3. Execution Tree — Parse-Time Failure

```text
(1) Interpreter: Read script
│   └─ File: /root/tools/dynamic_analysis_tool/bin/run_hunter_trace
│
├─(2) Parse/Compile line 148:
│      print(f""--- Starting Hunter (Python Script Mode) ---"")
│   │
│   └─(3) Tokenize string literal with prefix `f`
│      │
│      └─(4) Parser: f-string prefix not supported by this Python interpreter
│         │   Likely Python < 3.6
│         │
│         └─(5) Raise SyntaxError: invalid syntax
│            │
│            └─(6) Abort before any runtime function executes
│
└─(7) Script terminates with syntax error
```

---

## 4. Final Output

```text
SyntaxError: invalid syntax
```

---

## 5. Key Function Analysis

No user-defined functions were executed. The decisive operation is the **Python parser/compiler**, not a runtime function.

| Item | Detail |
|---|---|
| Location | `/root/tools/dynamic_analysis_tool/bin/run_hunter_trace`, line 148 |
| Code | `print(f""--- Starting Hunter (Python Script Mode) ---"")` |
| Error | `SyntaxError: invalid syntax` |
| Cause | The `f` string prefix is only valid in **Python 3.6+**. The interpreter used to run this script is likely Python 2.x or Python 3.5 or older. |
| Effect | The script fails before executing any function or workflow logic. |

---

## 6. Overall Workflow

The workflow never starts.

1. The tool runs `/root/tools/dynamic_analysis_tool/bin/run_hunter_trace`.
2. The Python interpreter reads line 148.
3. It sees an f-string: `f""--- Starting Hunter (Python Script Mode) ---""`.
4. The interpreter does not support f-string syntax.
5. It raises `SyntaxError: invalid syntax`.
6. Execution stops immediately.

---

## Fix

### Option A — Run with Python 3.6+

Check the interpreter version:

```bash
python --version
python3 --version
```

If the script is invoked with `python`, change it to `python3`:

```bash
python3 /root/tools/dynamic_analysis_tool/bin/run_hunter_trace
```

Also update the shebang if present:

```python
#!/usr/bin/env python3
```

### Option B — Remove the unnecessary f-string

Since this particular f-string has no `{}` placeholders, you can simply remove the `f`:

```python
print(""--- Starting Hunter (Python Script Mode) ---"")
```

### Option C — Replace f-strings with `.format()`

If other f-strings exist in the file, either upgrade Python or rewrite them. For example:

```python
# Instead of:
print(f""--- Starting Hunter (Python Script Mode) ---"")

# Use:
print(""--- Starting Hunter (Python Script Mode) ---"")
```

If variables are used:

```python
# Instead of:
print(f""Mode: {mode}"")

# Use:
print(""Mode: {}"".format(mode))
```

### Important

After fixing line 148, search the rest of the file for other f-strings, because the same error will occur again:

```bash
grep -n 'f""' /root/tools/dynamic_analysis_tool/bin/run_hunter_trace
grep -n ""f'"" /root/tools/dynamic_analysis_tool/bin/run_hunter_trace
```"
daira,django__django-13809,49,standard,trace,no_trace,True,False,run_hunter_trace /tmp/e2e2.py django/core/management run_from_argv 12,"[ANALYSIS REPORT]

**1. Initial Representation**

No trace-log entries for `django/core/management/BaseCommand.run_from_argv` were provided. The only captured data is the target script console output:

```text
START
imported django
configured
imported command
```

This means the available representation covers only script-level bootstrapping: importing Django, configuring it, and importing a management command. There is no recorded execution of `run_from_argv`.

---

**2. Top-Level Call**

No top-level `run_from_argv(...)` call appears in the supplied capture.

The observable top-level workflow is the script `/tmp/e2e2.py` performing Django setup and command import:

```text
(1) /tmp/e2e2.py
    ├─ print(""START"")
    ├─ import django
    ├─ configure Django settings / setup
    └─ import command
```

Because `run_from_argv` is never shown, its internal call stack cannot be reconstructed from this input.

---

**3. Execution Tree**

Captured console-output workflow only:

```text
(1) Script start: /tmp/e2e2.py
│
├─ (2) print(""START"")
│       Returns/Outputs: ""START""
│
├─ (3) import django
│   └─ (4) print(""imported django"")
│           Returns/Outputs: ""imported django""
│
├─ (5) configure Django / django.setup()
│   └─ (6) print(""configured"")
│           Returns/Outputs: ""configured""
│
└─ (7) import command from django.core.management
    └─ (8) print(""imported command"")
            Returns/Outputs: ""imported command""

(9) No further trace events recorded.
    └─ No call to BaseCommand.run_from_argv(...) is present.
```

**Important:** There are no recursive or nested calls under `run_from_argv` in the provided trace because the function does not appear in the trace log.

---

**4. Final Output**

```text
START
imported django
configured
imported command
```

---

**5. Key Function Analysis**

No key functions from `django/core/management` are present in the provided trace log.

Specifically, `run_from_argv` does not appear. Therefore I cannot truthfully provide the required details:

- **Function and location:** Not available from the log.
- **Functional boundary:** Not available from the log.
- **Role in workflow:** Not available from the log.

The only decisive observation is that the trace hook for `django/core/management/run_from_argv` did not fire, or the function was never called during the captured execution.

---

**6. Workflow Summary**

The captured execution shows that `/tmp/e2e2.py` successfully:

1. Started the script.
2. Imported Django.
3. Configured Django.
4. Imported a management command.

However, it does **not** show any execution of `BaseCommand.run_from_argv`. As a result, the requested recursive call-tree analysis for `run_from_argv` cannot be generated from the supplied data.

To produce the full execution trace diagram and key-function analysis, please provide:

1. The complete source code of `/tmp/e2e2.py`.
2. The full trace log for `django/core/management/run_from_argv`.
3. The relevant Django version or `django/core/management/base.py` snippet if line-number accuracy is required."
daira,django__django-15128,53,standard,trace,no_trace,True,False,run_hunter_trace /testbed/reproduce_issue.py django/db/models/sql combine 10,"
=================== LLM Workflow Analysis ==================
No function calls were tracked in the path you specified. Tracking was unsuccessful.

Possible reasons:
1. You did not choose the top-level function directly.
2. The selected function/symbol/method was not executed in the target language.
3. The trace filter may be too narrow or the target may be implemented outside the tracer's scope.
=============================================================="
daira,django__django-15128,54,standard,trace,no_trace,True,False,run_hunter_trace /testbed/reproduce_issue.py django/db/models/sql/query combine 8,"
=================== LLM Workflow Analysis ==================
No function calls were tracked in the path you specified. Tracking was unsuccessful.

Possible reasons:
1. You did not choose the top-level function directly.
2. The selected function/symbol/method was not executed in the target language.
3. The trace filter may be too narrow or the target may be implemented outside the tracer's scope.
=============================================================="
daira,django__django-16100,39,standard,trace,no_trace,True,False,run_hunter_trace /testbed/reproduce_issue.py django/contrib/admin changelist_view 8,"> **Note:** The Hunter trace log was **not included** in the supplied input — only the target script’s console output is present.  
> Therefore the following is an **inferred execution workflow** based on Django’s `ModelAdmin.changelist_view` behavior and the observed console output. Exact `file:line` values from the trace log cannot be reported because the log is missing.

---

## 1. Initial Representation

- **Request:** HTTP `POST` to an admin changelist view.
- **POST flags:** `_save` is present, and the changelist has `list_editable` enabled.
- **Payload:** Bound model formset data for two editable rows.
- **Database state before request:** two objects, e.g. `a` and `b`, both with `load=1.0`, `speed=1.0`.
- **Failure trigger:** saving the second row raises `Exception(""boom while saving the second row"")`.

---

## 2. Top-Level Call

```text
ModelAdmin.changelist_view(request, extra_context=None)
```

Location: `django/contrib/admin/options.py`  
Line number: not available from the supplied input.

---

## 3. Execution Tree

```text
ModelAdmin.changelist_view(...)
│
├─ (1) Build ChangeList / inspect request.POST
│      └─ Returns: ChangeList `cl` with `list_editable` enabled;
│         request.POST contains `_save`
│
├─ (2) Permission check: has_change_permission(request, None)
│      └─ Returns: True
│
└─ (3) Enter transaction.atomic(using=router.db_for_write(model))
       │
       ├─ (4) response_action(request, queryset=cl.get_queryset(request))
       │      └─ Returns: None
       │         (no admin action selected; only list_editable save requested)
       │
       ├─ (5) cl.get_formset(request, queryset=cl.queryset)
       │      └─ Returns: bound ModelFormSet for editable rows
       │
       ├─ (6) formset.is_valid()
       │      └─ Returns: True
       │
       └─ (7) formset.save()
              │
              ├─ (8) save_existing_objects()
              │      │
              │      ├─ (9) save_form(form for row `a`)
              │      │      └─ ModelAdmin.save_model(request, a, form, change=True)
              │      │            └─ a.save()
              │      │                  └─ UPDATE succeeds inside transaction
              │      │
              │      └─ (10) save_form(form for row `b`)
              │             └─ ModelAdmin.save_model(request, b, form, change=True)
              │                   └─ b.save()
              │                         └─ raises Exception(
              │                              ""boom while saving the second row""
              │                            )
              │
              └─ (11) Exception propagates out of formset.save()
       │
       └─ (12) transaction.atomic.__exit__ receives the exception
              └─ ROLLBACK
                 └─ undoes row `a` UPDATE and all earlier writes in this block
│
└─ (13) Exception propagates out of changelist_view to caller/test client
       └─ Test script catches the expected failure
```

---

## 4. Final Output

```text
Caught expected failure: boom while saving the second row
After failed bulk edit: a.load=1.0 a.speed=1.0
RESULT: first row was ROLLED BACK (transaction present) -> FIXED
```

---

## 5. Key Function Analysis

> Because the trace log is missing, the line numbers below cannot be extracted from the log. The file paths are from Django’s known admin/forms implementation.

### `changelist_view`
- **Function and Location:** `django/contrib/admin/options.py` — line number unavailable.
- **Functional Boundary:** Top-level admin changelist controller. Handles GET/POST, list_editable formsets, admin actions, permissions, and transaction wrapping.
- **Role in this Workflow:** Opens the atomic transaction around the list_editable save path. This is the decisive fix: the bulk edit is now atomic.

### `transaction.atomic`
- **Function and Location:** `django/db/transaction.py` — line number unavailable.
- **Functional Boundary:** Context manager that starts a database transaction and commits or rolls back on exit.
- **Role in this Workflow:** Rolls back the successful first-row update when the second-row save raises. This is why `a.load` remains `1.0`.

### `response_action`
- **Function and Location:** `django/contrib/admin/options.py` — line number unavailable.
- **Functional Boundary:** Handles admin action dispatch from the changelist POST.
- **Role in this Workflow:** Returns `None` because no admin action was selected. Execution continues to the list_editable formset save.

### `cl.get_formset`
- **Function and Location:** `django/contrib/admin/options.py` / `django/contrib/admin/helpers.py` — line number unavailable.
- **Functional Boundary:** Builds and returns the model formset bound to the POST data for editable list rows.
- **Role in this Workflow:** Supplies the formset whose `save()` performs the bulk update.

### `BaseModelFormSet.save` / `save_existing_objects` / `save_form`
- **Function and Location:** `django/forms/models.py` — line numbers unavailable.
- **Functional Boundary:** Iterates over changed forms and saves each model instance.
- **Role in this Workflow:** Saves row `a` successfully, then attempts row `b`. The second save raises the expected exception.

### `ModelAdmin.save_model`
- **Function and Location:** `django/contrib/admin/options.py` — line number unavailable. Likely overridden in `/testbed/reproduce_issue.py`.
- **Functional Boundary:** Admin hook called by the formset when saving an object.
- **Role in this Workflow:** In the reproduction script, this is where the second row deliberately raises `""boom while saving the second row""`.

### `Model.save`
- **Function and Location:** `django/db/models/base.py` — line number unavailable.
- **Functional Boundary:** Persists the model instance to the database.
- **Role in this Workflow:** Performs the SQL `UPDATE` for row `a` and row `b`. The row `a` update is later rolled back by `transaction.atomic`.

---

## 6. Entire Workflow Process

The POST request reaches `ModelAdmin.changelist_view`. Because the request contains `_save` and the changelist has `list_editable` enabled, Django enters an atomic transaction and processes the bulk edit inside it. `response_action` finds no selected admin action and returns `None`. The changelist then builds the bound formset, validates it, and calls `formset.save()`.

The formset saves the first editable row by calling `ModelAdmin.save_model()` and then `Model.save()`. That first `UPDATE` succeeds inside the transaction. When the formset moves to the second row, `save_model()` raises `""boom while saving the second row""`. That exception propagates out of `formset.save()` and out of the `transaction.atomic` block. Django’s transaction manager therefore performs a `ROLLBACK`, undoing the first row’s successful update.

The test script then refreshes object `a` and observes `a.load=1.0`, confirming the first row was rolled back. This proves the list_editable bulk edit was executed inside a transaction boundary, which is the intended fix."
daira,django__django-16256,24,standard,trace,no_trace,True,False,run_hunter_trace /testbed/repro_trace.py repro_trace run_case 10,"
=================== LLM Workflow Analysis ==================
No function calls were tracked in the path you specified. Tracking was unsuccessful.

Possible reasons:
1. You did not choose the top-level function directly.
2. The selected function/symbol/method was not executed in the target language.
3. The trace filter may be too narrow or the target may be implemented outside the tracer's scope.
=============================================================="
daira,django__django-16256,25,standard,trace,no_trace,True,False,run_hunter_trace /testbed/repro_trace.py repro main 10,"
=================== LLM Workflow Analysis ==================
No function calls were tracked in the path you specified. Tracking was unsuccessful.

Possible reasons:
1. You did not choose the top-level function directly.
2. The selected function/symbol/method was not executed in the target language.
3. The trace filter may be too narrow or the target may be implemented outside the tracer's scope.
=============================================================="
daira,django__django-16256,30,standard,trace,no_trace,True,False,run_hunter_trace /testbed/repro_trace.py django/db/models/query.py acreate 10,"
=================== LLM Workflow Analysis ==================
No function calls were tracked in the path you specified. Tracking was unsuccessful.

Possible reasons:
1. You did not choose the top-level function directly.
2. The selected function/symbol/method was not executed in the target language.
3. The trace filter may be too narrow or the target may be implemented outside the tracer's scope.
=============================================================="
daira,django__django-16256,32,standard,trace,no_trace,True,False,run_hunter_trace /testbed/repro_trace2.py repro_trace2 run_case 12,"
=================== LLM Workflow Analysis ==================
No function calls were tracked in the path you specified. Tracking was unsuccessful.

Possible reasons:
1. You did not choose the top-level function directly.
2. The selected function/symbol/method was not executed in the target language.
3. The trace filter may be too narrow or the target may be implemented outside the tracer's scope.
=============================================================="
daira,django__django-16256,38,standard,trace,no_trace,True,False,run_hunter_trace /testbed/sync_trace.py sync_trace run_case 12,"
=================== LLM Workflow Analysis ==================
No function calls were tracked in the path you specified. Tracking was unsuccessful.

Possible reasons:
1. You did not choose the top-level function directly.
2. The selected function/symbol/method was not executed in the target language.
3. The trace filter may be too narrow or the target may be implemented outside the tracer's scope.
=============================================================="
daira,django__django-16256,44,standard,trace,no_trace,True,False,run_hunter_trace /testbed/sync_trace_b.py sync_trace_b run_case 8,"
=================== LLM Workflow Analysis ==================
No function calls were tracked in the path you specified. Tracking was unsuccessful.

Possible reasons:
1. You did not choose the top-level function directly.
2. The selected function/symbol/method was not executed in the target language.
3. The trace filter may be too narrow or the target may be implemented outside the tracer's scope.
=============================================================="
daira,django__django-16256,45,standard,trace,no_trace,True,False,run_hunter_trace /testbed/sync_trace.py django/db/models/fields/related_descriptors create 10,"
=================== LLM Workflow Analysis ==================
No function calls were tracked in the path you specified. Tracking was unsuccessful.

Possible reasons:
1. You did not choose the top-level function directly.
2. The selected function/symbol/method was not executed in the target language.
3. The trace filter may be too narrow or the target may be implemented outside the tracer's scope.
=============================================================="
daira,django__django-16256,49,standard,trace,no_trace,True,False,run_hunter_trace /testbed/sync_trace_c.py sync_trace_c run_case 8,"
=================== LLM Workflow Analysis ==================
No function calls were tracked in the path you specified. Tracking was unsuccessful.

Possible reasons:
1. You did not choose the top-level function directly.
2. The selected function/symbol/method was not executed in the target language.
3. The trace filter may be too narrow or the target may be implemented outside the tracer's scope.
=============================================================="
daira,django__django-16256,80,standard,trace,no_trace,True,False,run_hunter_trace /testbed/reproduce_issue.py django/db/models/fields/related_descriptors acreate 6,"
=================== LLM Workflow Analysis ==================
No function calls were tracked in the path you specified. Tracking was unsuccessful.

Possible reasons:
1. You did not choose the top-level function directly.
2. The selected function/symbol/method was not executed in the target language.
3. The trace filter may be too narrow or the target may be implemented outside the tracer's scope.
=============================================================="
daira,django__django-7530,18,standard,trace,environment_error,True,False,run_hunter_trace /testbed/reproduce_issue.py django/core/management/commands/makemigrations handle 10,"**Note:** The provided input is a Python **SyntaxError** traceback, not a function-level trace log. Because parsing fails before any user function is called, there is no execution workflow for a target function to analyze. The report below interprets the captured failure and explains why no workflow exists.

---

### 1. Initial Representation
- **File:** `/root/tools/dynamic_analysis_tool/bin/run_hunter_trace`
- **Line:** 148
- **Source code:**  
  `print(f""--- Starting Hunter (Python Script Mode) ---"")`
- **Inferred environment:** Python 2.x or any Python version **< 3.6**, because f-strings were introduced in Python 3.6.

---

### 2. Top-Level Call
`Python Interpreter` attempts to compile/execute the script.  
No user-defined function is called because the parser raises `SyntaxError` immediately.

---

### 3. Execution Tree

```
(1) Python Interpreter: Start process for /root/tools/dynamic_analysis_tool/bin/run_hunter_trace
│
├── (2) Parser: Read source file line by line
│   │
│   └── (3) At line 148: Encounter `print(f""..."")`
│       │
│       ├── (4) Tokenizer: Recognize `f` prefix before string literal
│       │   └── Check current Python version
│       │       ├── If Python < 3.6: f-string not supported
│       │       │   └── (5) Raise SyntaxError: invalid syntax
│       │       │       └── Location: line 148, near closing quote/parenthesis
│       │       │
│       │       └── If Python >= 3.6: f-string valid → continue parsing
│       │           (This branch did NOT occur in the captured log.)
│       │
│       └── (6) Execution aborted: No bytecode generated
│
└── (7) Traceback printed to stderr:
    File ""/root/tools/dynamic_analysis_tool/bin/run_hunter_trace"", line 148
    print(f""--- Starting Hunter (Python Script Mode) ---"")
                                                        ^
    SyntaxError: invalid syntax
```

---

### 4. Final Output

```
SyntaxError: invalid syntax
```

The interpreter exits before any function execution. No function trace can be produced.

---

### 5. Key Function Analysis

- **No key user function was executed.**  
  The trace log contains only the interpreter’s syntax error report. There are no function calls from the target code to analyze.
- The only relevant internal component is the **Python parser/compiler**, but it is not part of the user code and does not appear as a callable in the log.
- If you provide a valid trace log after fixing the syntax error, we can identify functions such as `run_hunter_trace`, `main`, etc., and analyze their roles.

---

### 6. Entire Workflow Process

The workflow is aborted at the parsing stage. The interpreter cannot compile the script because line 148 uses an **f-string** (`f""...""`), which is invalid syntax in Python versions older than 3.6. Consequently, the program never reaches any function calls, including the one intended to be traced.

**To proceed:**
1. Run the script with **Python 3.6 or later**, or
2. Replace the f-string with a compatible formatting method, e.g.:
   ```python
   print(""--- Starting Hunter (Python Script Mode) ---"")
   ```
   or
   ```python
   print(""--- Starting Hunter (Python Script Mode) ---"".format())
   ```
3. Re-run the dynamic analysis tool to capture the actual execution workflow."
daira,matplotlib__matplotlib-24637,37,standard,trace,no_trace,True,False,run_hunter_trace /tmp/reproduce_issue.py matplotlib/offsetbox draw 3,"
=================== LLM Workflow Analysis ==================
No function calls were tracked in the path you specified. Tracking was unsuccessful.

Possible reasons:
1. You did not choose the top-level function directly.
2. The selected function/symbol/method was not executed in the target language.
3. The trace filter may be too narrow or the target may be implemented outside the tracer's scope.
=============================================================="
daira,matplotlib__matplotlib-25775,118,standard,trace,no_trace,True,False,run_hunter_trace /testbed/trace_final.py lib/matplotlib/text.py draw 8,"
=================== LLM Workflow Analysis ==================
No function calls were tracked in the path you specified. Tracking was unsuccessful.

Possible reasons:
1. You did not choose the top-level function directly.
2. The selected function/symbol/method was not executed in the target language.
3. The trace filter may be too narrow or the target may be implemented outside the tracer's scope.
=============================================================="
daira,pytest-dev__pytest-7205,16,standard,trace,no_trace,True,False,run_hunter_trace /testbed/reproduce_issue.py _pytest/setuponly _show_fixture_action 10,"
=================== LLM Workflow Analysis ==================
No function calls were tracked in the path you specified. Tracking was unsuccessful.

Possible reasons:
1. You did not choose the top-level function directly.
2. The selected function/symbol/method was not executed in the target language.
3. The trace filter may be too narrow or the target may be implemented outside the tracer's scope.
=============================================================="
daira,sphinx-doc__sphinx-7440,23,standard,trace,no_trace,True,False,run_hunter_trace /testbed/reproduce_issue_inproc.py sphinx/domains make_glossary_term 10,"
=================== LLM Workflow Analysis ==================
No function calls were tracked in the path you specified. Tracking was unsuccessful.

Possible reasons:
1. You did not choose the top-level function directly.
2. The selected function/symbol/method was not executed in the target language.
3. The trace filter may be too narrow or the target may be implemented outside the tracer's scope.
=============================================================="
daira,sphinx-doc__sphinx-7440,24,standard,trace,no_trace,True,False,run_hunter_trace /testbed/reproduce_issue_inproc.py sphinx/domains/std.py make_glossary_term 10,"
=================== LLM Workflow Analysis ==================
No function calls were tracked in the path you specified. Tracking was unsuccessful.

Possible reasons:
1. You did not choose the top-level function directly.
2. The selected function/symbol/method was not executed in the target language.
3. The trace filter may be too narrow or the target may be implemented outside the tracer's scope.
=============================================================="
daira,sphinx-doc__sphinx-7440,29,standard,trace,no_trace,True,False,run_hunter_trace /testbed/reproduce_parse.py sphinx.domains.std make_glossary_term 10,"
=================== LLM Workflow Analysis ==================
No function calls were tracked in the path you specified. Tracking was unsuccessful.

Possible reasons:
1. You did not choose the top-level function directly.
2. The selected function/symbol/method was not executed in the target language.
3. The trace filter may be too narrow or the target may be implemented outside the tracer's scope.
=============================================================="
daira,sympy__sympy-12489,13,standard,trace,analysis_context_limit,True,False,run_hunter_trace /testbed/trace_af_new.py sympy/combinatorics/permutations _af_new 8,"
❌ [LLM Analysis Error - Context Window Exceeded]
==============================================================
Error: The total length of the trace log and code exceeds the model's maximum context window (tokens).
This may be because the function being tracked is too complex, generating a massive amount of logs.

Proposed solution:
 1. (Preferred) Reduce your trace_depth appropriately
 2. Check if your --module_prefix is too broad, causing it to trace too many unrelated library calls.
 3. Try to trace a more specific, deeper-level function.
==============================================================
"
daira,sympy__sympy-12489,14,standard,trace,analysis_context_limit,True,False,run_hunter_trace /testbed/trace_af_new.py sympy/combinatorics/permutations _af_new 3,"
❌ [LLM Analysis Error - Context Window Exceeded]
==============================================================
Error: The total length of the trace log and code exceeds the model's maximum context window (tokens).
This may be because the function being tracked is too complex, generating a massive amount of logs.

Proposed solution:
 1. (Preferred) Reduce your trace_depth appropriately
 2. Check if your --module_prefix is too broad, causing it to trace too many unrelated library calls.
 3. Try to trace a more specific, deeper-level function.
==============================================================
"
daira,sympy__sympy-12489,17,standard,trace,analysis_context_limit,True,False,run_hunter_trace /testbed/trace_af_new.py sympy/combinatorics/permutations _af_new 1,"
❌ [LLM Analysis Error - Context Window Exceeded]
==============================================================
Error: The total length of the trace log and code exceeds the model's maximum context window (tokens).
This may be because the function being tracked is too complex, generating a massive amount of logs.

Proposed solution:
 1. (Preferred) Reduce your trace_depth appropriately
 2. Check if your --module_prefix is too broad, causing it to trace too many unrelated library calls.
 3. Try to trace a more specific, deeper-level function.
==============================================================
"
daira,sympy__sympy-18211,11,standard,trace,analysis_context_limit,True,False,run_hunter_trace /testbed/reproduce_issue.py sympy as_set 10,"
❌ [LLM Analysis Error - Context Window Exceeded]
==============================================================
Error: The total length of the trace log and code exceeds the model's maximum context window (tokens).
This may be because the function being tracked is too complex, generating a massive amount of logs.

Proposed solution:
 1. (Preferred) Reduce your trace_depth appropriately
 2. Check if your --module_prefix is too broad, causing it to trace too many unrelated library calls.
 3. Try to trace a more specific, deeper-level function.
==============================================================
"
adi,django__django-10097,26,wrapped,list-frames,target_format_error,True,True,"cd /testbed && ADI_STATE_DIR=/tmp/adi-state-test /usr/bin/python3.10 /root/tools/adi_tool/bin/adi_debug list-frames ""python /testbed/reproduce_issue.py"" - - 2>&1 | tail -40","Error: Invalid format '-'. Expected: /path/file.py:func or /path/file.py:line
"
adi,django__django-10097,30,wrapped,list-frames,target_not_reached,True,False,"cd /testbed && ADI_STATE_DIR=/tmp/adi-state-test /usr/bin/python3.10 /root/tools/adi_tool/bin/adi_debug list-frames ""python /testbed/reproduce_issue.py"" ""/testbed/django/core/validators.py:URLValidator.__call__"" - 2>&1 | tail -40","No matching frames found.
  Make sure the function is called during execution.
"
adi,django__django-10097,31,wrapped,list-frames,target_not_reached,True,False,"cd /testbed && PYTHONPATH=/root/tools/adi_tool/bin ADI_STATE_DIR=/tmp/adi-state-test /usr/bin/python3.10 -m ADI list-frames ""/opt/miniconda3/envs/testbed/bin/python /testbed/reproduce_issue.py"" ""/testbed/django/core/validators.py:URLValidator.__call__"" 2>&1 | tail -40","No matching frames found.
  Make sure the function is called during execution.
"
adi,django__django-10097,32,wrapped,list-frames,target_not_reached,True,False,"cat > /tmp/t.py <<'EOF'
def foo(x):
    return x + 1

def bar():
    return foo(2)

print(bar())
EOF
cd /tmp && PYTHONPATH=/root/tools/adi_tool/bin ADI_STATE_DIR=/tmp/adi-state-test /usr/bin/python3.10 -m ADI list-frames ""/opt/miniconda3/envs/testbed/bin/python /tmp/t.py"" ""/tmp/t.py:foo"" 2>&1 | tail -30","No matching frames found.
  Make sure the function is called during execution.
"
adi,django__django-10097,33,wrapped,list-frames,target_not_reached,True,False,"cat > /testbed/t_probe.py <<'EOF'
def foo(x):
    return x + 1

def bar():
    return foo(2)

print(bar())
EOF
cd /testbed && PYTHONPATH=/root/tools/adi_tool/bin ADI_STATE_DIR=/tmp/adi-state-test /usr/bin/python3.10 -m ADI list-frames ""python /testbed/t_probe.py"" ""/testbed/t_probe.py:foo"" 2>&1 | tail -30","No matching frames found.
  Make sure the function is called during execution.
"
daira,django__django-7530,31,wrapped,trace,environment_error,True,False,"cd /testbed && PYTHONPATH=/opt/miniconda3/envs/testbed/lib/python3.5/site-packages timeout 120s /usr/bin/python3.10 /root/tools/dynamic_analysis_tool/bin/run_hunter_trace /testbed/reproduce_issue.py django/core/management/commands/makemigrations handle 10 > /tmp/trace_handle.txt 2>&1; echo ""exit=$?""; wc -l /tmp/trace_handle.txt; grep -n ""check_consistent_history\|allow_migrate\|consistency_check_labels\|get_models\|any("" /tmp/trace_handle.txt | head -40","exit=0
97 /tmp/trace_handle.txt
11:Reproduce: makemigrations consistency checks call router.allow_migrate()
27:# makemigrations' any(...) keeps iterating every (app_label, model) pair.
32:        ""    def allow_migrate(self, db, app_label, model_name=None, **hints):\n""
67:        for model in apps.get_app_config(app_label).get_models():
72:print(""\n--- allow_migrate calls during consistency checks ---"")
"
daira,django__django-7530,34,wrapped,trace,environment_error,True,False,"cd /testbed && PYTHONPATH=/testbed:/opt/miniconda3/envs/testbed/lib/python3.5/site-packages timeout 120s /usr/bin/python3.10 /root/tools/dynamic_analysis_tool/bin/run_hunter_trace /testbed/reproduce_issue.py django/core/management/commands/makemigrations handle 10 > /tmp/trace_handle.txt 2>&1; echo ""exit=$?""; sed -n '/<trace_log>/,/<\/trace_log>/p' /tmp/trace_handle.txt | head -80","exit=0
<trace_log>
```text
```
</trace_log>
"
