arm,id,step,category,action,observation
daira,django__django-10097,11,environment_error,run_hunter_trace /testbed/reproduce_issue.py django/core __call__ 6,"## Input Status

The provided data does **not** contain a target code file, a traced function, or a runtime trace log.  
Instead, the captured output is a **parse-time SyntaxError** from:

```text
File ""/root/tools/dynamic_analysis_tool/bin/run_hunter_trace"", line 148
print(f""--- Starting Hunter (Python Script Mode) ---"")
SyntaxError: invalid syntax
```

Because this error occurs **before any function is executed**, there is no dynamic execution workflow to trace. The analysis below describes the parse-time failure that aborts the script.

---

## 1. Initial Representation

```text
Source line 148 of /root/tools/dynamic_analysis_tool/bin/run_hunter_trace
print(f""--- Starting Hunter (Python Script Mode) ---"")
```

The interpreter is attempting to parse/compile the script.

---

## 2. Top-Level Call

```text
Python interpreter: parse/compile /root/tools/dynamic_analysis_tool/bin/run_hunter_trace
```

No user-defined function is called because parsing fails.

---

## 3. Execution Tree — Parse-Time Failure

```text
(1) Interpreter: Read script
│   └─ File: /root/tools/dynamic_analysis_tool/bin/run_hunter_trace
│
├─(2) Parse/Compile line 148:
│      print(f""--- Starting Hunter (Python Script Mode) ---"")
│   │
│   └─(3) Tokenize string literal with prefix `f`
│      │
│      └─(4) Parser: f-string prefix not supported by this Python interpreter
│         │   Likely Python < 3.6
│         │
│         └─(5) Raise SyntaxError: invalid syntax
│            │
│            └─(6) Abort before any runtime function executes
│
└─(7) Script terminates with syntax error
```

---

## 4. Final Output

```text
SyntaxError: invalid syntax
```

---

## 5. Key Function Analysis

No user-defined functions were executed. The decisive operation is the **Python parser/compiler**, not a runtime function.

| Item | Detail |
|---|---|
| Location | `/root/tools/dynamic_analysis_tool/bin/run_hunter_trace`, line 148 |
| Code | `print(f""--- Starting Hunter (Python Script Mode) ---"")` |
| Error | `SyntaxError: invalid syntax` |
| Cause | The `f` string prefix is only valid in **Python 3.6+**. The interpreter used to run this script is likely Python 2.x or Python 3.5 or older. |
| Effect | The script fails before executing any function or workflow logic. |

---

## 6. Overall Workflow

The workflow never starts.

1. The tool runs `/root/tools/dynamic_analysis_tool/bin/run_hunter_trace`.
2. The Python interpreter reads line 148.
3. It sees an f-string: `f""--- Starting Hunter (Python Script Mode) ---""`.
4. The interpreter does not support f-string syntax.
5. It raises `SyntaxError: invalid syntax`.
6. Execution stops immediately.

---

## Fix

### Option A — Run with Python 3.6+

Check the interpreter version:

```bash
python --version
python3 --version
```

If the script is invoked with `python`, change it to `python3`:

```bash
python3 /root/tools/dynamic_analysis_tool/bin/run_hunter_trace
```

Also update the shebang if present:

```python
#!/usr/bin/env python3
```

### Option B — Remove the unnecessary f-string

Since this particular f-string has no `{}` placeholders, you can simply remove the `f`:

```python
print(""--- Starting Hunter (Python Script Mode) ---"")
```

### Option C — Replace f-strings with `.format()`

If other f-strings exist in the file, either upgrade Python or rewrite them. For example:

```python
# Instead of:
print(f""--- Starting Hunter (Python Script Mode) ---"")

# Use:
print(""--- Starting Hunter (Python Script Mode) ---"")
```

If variables are used:

```python
# Instead of:
print(f""Mode: {mode}"")

# Use:
print(""Mode: {}"".format(mode))
```

### Important

After fixing line 148, search the rest of the file for other f-strings, because the same error will occur again:

```bash
grep -n 'f""' /root/tools/dynamic_analysis_tool/bin/run_hunter_trace
grep -n ""f'"" /root/tools/dynamic_analysis_tool/bin/run_hunter_trace
```"
daira,django__django-7530,18,environment_error,run_hunter_trace /testbed/reproduce_issue.py django/core/management/commands/makemigrations handle 10,"**Note:** The provided input is a Python **SyntaxError** traceback, not a function-level trace log. Because parsing fails before any user function is called, there is no execution workflow for a target function to analyze. The report below interprets the captured failure and explains why no workflow exists.

---

### 1. Initial Representation
- **File:** `/root/tools/dynamic_analysis_tool/bin/run_hunter_trace`
- **Line:** 148
- **Source code:**  
  `print(f""--- Starting Hunter (Python Script Mode) ---"")`
- **Inferred environment:** Python 2.x or any Python version **< 3.6**, because f-strings were introduced in Python 3.6.

---

### 2. Top-Level Call
`Python Interpreter` attempts to compile/execute the script.  
No user-defined function is called because the parser raises `SyntaxError` immediately.

---

### 3. Execution Tree

```
(1) Python Interpreter: Start process for /root/tools/dynamic_analysis_tool/bin/run_hunter_trace
│
├── (2) Parser: Read source file line by line
│   │
│   └── (3) At line 148: Encounter `print(f""..."")`
│       │
│       ├── (4) Tokenizer: Recognize `f` prefix before string literal
│       │   └── Check current Python version
│       │       ├── If Python < 3.6: f-string not supported
│       │       │   └── (5) Raise SyntaxError: invalid syntax
│       │       │       └── Location: line 148, near closing quote/parenthesis
│       │       │
│       │       └── If Python >= 3.6: f-string valid → continue parsing
│       │           (This branch did NOT occur in the captured log.)
│       │
│       └── (6) Execution aborted: No bytecode generated
│
└── (7) Traceback printed to stderr:
    File ""/root/tools/dynamic_analysis_tool/bin/run_hunter_trace"", line 148
    print(f""--- Starting Hunter (Python Script Mode) ---"")
                                                        ^
    SyntaxError: invalid syntax
```

---

### 4. Final Output

```
SyntaxError: invalid syntax
```

The interpreter exits before any function execution. No function trace can be produced.

---

### 5. Key Function Analysis

- **No key user function was executed.**  
  The trace log contains only the interpreter’s syntax error report. There are no function calls from the target code to analyze.
- The only relevant internal component is the **Python parser/compiler**, but it is not part of the user code and does not appear as a callable in the log.
- If you provide a valid trace log after fixing the syntax error, we can identify functions such as `run_hunter_trace`, `main`, etc., and analyze their roles.

---

### 6. Entire Workflow Process

The workflow is aborted at the parsing stage. The interpreter cannot compile the script because line 148 uses an **f-string** (`f""...""`), which is invalid syntax in Python versions older than 3.6. Consequently, the program never reaches any function calls, including the one intended to be traced.

**To proceed:**
1. Run the script with **Python 3.6 or later**, or
2. Replace the f-string with a compatible formatting method, e.g.:
   ```python
   print(""--- Starting Hunter (Python Script Mode) ---"")
   ```
   or
   ```python
   print(""--- Starting Hunter (Python Script Mode) ---"".format())
   ```
3. Re-run the dynamic analysis tool to capture the actual execution workflow."
daira,django__django-7530,31,environment_error,"cd /testbed && PYTHONPATH=/opt/miniconda3/envs/testbed/lib/python3.5/site-packages timeout 120s /usr/bin/python3.10 /root/tools/dynamic_analysis_tool/bin/run_hunter_trace /testbed/reproduce_issue.py django/core/management/commands/makemigrations handle 10 > /tmp/trace_handle.txt 2>&1; echo ""exit=$?""; wc -l /tmp/trace_handle.txt; grep -n ""check_consistent_history\|allow_migrate\|consistency_check_labels\|get_models\|any("" /tmp/trace_handle.txt | head -40","exit=0
97 /tmp/trace_handle.txt
11:Reproduce: makemigrations consistency checks call router.allow_migrate()
27:# makemigrations' any(...) keeps iterating every (app_label, model) pair.
32:        ""    def allow_migrate(self, db, app_label, model_name=None, **hints):\n""
67:        for model in apps.get_app_config(app_label).get_models():
72:print(""\n--- allow_migrate calls during consistency checks ---"")
"
daira,django__django-7530,34,environment_error,"cd /testbed && PYTHONPATH=/testbed:/opt/miniconda3/envs/testbed/lib/python3.5/site-packages timeout 120s /usr/bin/python3.10 /root/tools/dynamic_analysis_tool/bin/run_hunter_trace /testbed/reproduce_issue.py django/core/management/commands/makemigrations handle 10 > /tmp/trace_handle.txt 2>&1; echo ""exit=$?""; sed -n '/<trace_log>/,/<\/trace_log>/p' /tmp/trace_handle.txt | head -80","exit=0
<trace_log>
```text
```
</trace_log>
"
daira,django__django-13809,49,no_trace,run_hunter_trace /tmp/e2e2.py django/core/management run_from_argv 12,"[ANALYSIS REPORT]

**1. Initial Representation**

No trace-log entries for `django/core/management/BaseCommand.run_from_argv` were provided. The only captured data is the target script console output:

```text
START
imported django
configured
imported command
```

This means the available representation covers only script-level bootstrapping: importing Django, configuring it, and importing a management command. There is no recorded execution of `run_from_argv`.

---

**2. Top-Level Call**

No top-level `run_from_argv(...)` call appears in the supplied capture.

The observable top-level workflow is the script `/tmp/e2e2.py` performing Django setup and command import:

```text
(1) /tmp/e2e2.py
    ├─ print(""START"")
    ├─ import django
    ├─ configure Django settings / setup
    └─ import command
```

Because `run_from_argv` is never shown, its internal call stack cannot be reconstructed from this input.

---

**3. Execution Tree**

Captured console-output workflow only:

```text
(1) Script start: /tmp/e2e2.py
│
├─ (2) print(""START"")
│       Returns/Outputs: ""START""
│
├─ (3) import django
│   └─ (4) print(""imported django"")
│           Returns/Outputs: ""imported django""
│
├─ (5) configure Django / django.setup()
│   └─ (6) print(""configured"")
│           Returns/Outputs: ""configured""
│
└─ (7) import command from django.core.management
    └─ (8) print(""imported command"")
            Returns/Outputs: ""imported command""

(9) No further trace events recorded.
    └─ No call to BaseCommand.run_from_argv(...) is present.
```

**Important:** There are no recursive or nested calls under `run_from_argv` in the provided trace because the function does not appear in the trace log.

---

**4. Final Output**

```text
START
imported django
configured
imported command
```

---

**5. Key Function Analysis**

No key functions from `django/core/management` are present in the provided trace log.

Specifically, `run_from_argv` does not appear. Therefore I cannot truthfully provide the required details:

- **Function and location:** Not available from the log.
- **Functional boundary:** Not available from the log.
- **Role in workflow:** Not available from the log.

The only decisive observation is that the trace hook for `django/core/management/run_from_argv` did not fire, or the function was never called during the captured execution.

---

**6. Workflow Summary**

The captured execution shows that `/tmp/e2e2.py` successfully:

1. Started the script.
2. Imported Django.
3. Configured Django.
4. Imported a management command.

However, it does **not** show any execution of `BaseCommand.run_from_argv`. As a result, the requested recursive call-tree analysis for `run_from_argv` cannot be generated from the supplied data.

To produce the full execution trace diagram and key-function analysis, please provide:

1. The complete source code of `/tmp/e2e2.py`.
2. The full trace log for `django/core/management/run_from_argv`.
3. The relevant Django version or `django/core/management/base.py` snippet if line-number accuracy is required."
daira,django__django-16100,39,no_trace,run_hunter_trace /testbed/reproduce_issue.py django/contrib/admin changelist_view 8,"> **Note:** The Hunter trace log was **not included** in the supplied input — only the target script’s console output is present.  
> Therefore the following is an **inferred execution workflow** based on Django’s `ModelAdmin.changelist_view` behavior and the observed console output. Exact `file:line` values from the trace log cannot be reported because the log is missing.

---

## 1. Initial Representation

- **Request:** HTTP `POST` to an admin changelist view.
- **POST flags:** `_save` is present, and the changelist has `list_editable` enabled.
- **Payload:** Bound model formset data for two editable rows.
- **Database state before request:** two objects, e.g. `a` and `b`, both with `load=1.0`, `speed=1.0`.
- **Failure trigger:** saving the second row raises `Exception(""boom while saving the second row"")`.

---

## 2. Top-Level Call

```text
ModelAdmin.changelist_view(request, extra_context=None)
```

Location: `django/contrib/admin/options.py`  
Line number: not available from the supplied input.

---

## 3. Execution Tree

```text
ModelAdmin.changelist_view(...)
│
├─ (1) Build ChangeList / inspect request.POST
│      └─ Returns: ChangeList `cl` with `list_editable` enabled;
│         request.POST contains `_save`
│
├─ (2) Permission check: has_change_permission(request, None)
│      └─ Returns: True
│
└─ (3) Enter transaction.atomic(using=router.db_for_write(model))
       │
       ├─ (4) response_action(request, queryset=cl.get_queryset(request))
       │      └─ Returns: None
       │         (no admin action selected; only list_editable save requested)
       │
       ├─ (5) cl.get_formset(request, queryset=cl.queryset)
       │      └─ Returns: bound ModelFormSet for editable rows
       │
       ├─ (6) formset.is_valid()
       │      └─ Returns: True
       │
       └─ (7) formset.save()
              │
              ├─ (8) save_existing_objects()
              │      │
              │      ├─ (9) save_form(form for row `a`)
              │      │      └─ ModelAdmin.save_model(request, a, form, change=True)
              │      │            └─ a.save()
              │      │                  └─ UPDATE succeeds inside transaction
              │      │
              │      └─ (10) save_form(form for row `b`)
              │             └─ ModelAdmin.save_model(request, b, form, change=True)
              │                   └─ b.save()
              │                         └─ raises Exception(
              │                              ""boom while saving the second row""
              │                            )
              │
              └─ (11) Exception propagates out of formset.save()
       │
       └─ (12) transaction.atomic.__exit__ receives the exception
              └─ ROLLBACK
                 └─ undoes row `a` UPDATE and all earlier writes in this block
│
└─ (13) Exception propagates out of changelist_view to caller/test client
       └─ Test script catches the expected failure
```

---

## 4. Final Output

```text
Caught expected failure: boom while saving the second row
After failed bulk edit: a.load=1.0 a.speed=1.0
RESULT: first row was ROLLED BACK (transaction present) -> FIXED
```

---

## 5. Key Function Analysis

> Because the trace log is missing, the line numbers below cannot be extracted from the log. The file paths are from Django’s known admin/forms implementation.

### `changelist_view`
- **Function and Location:** `django/contrib/admin/options.py` — line number unavailable.
- **Functional Boundary:** Top-level admin changelist controller. Handles GET/POST, list_editable formsets, admin actions, permissions, and transaction wrapping.
- **Role in this Workflow:** Opens the atomic transaction around the list_editable save path. This is the decisive fix: the bulk edit is now atomic.

### `transaction.atomic`
- **Function and Location:** `django/db/transaction.py` — line number unavailable.
- **Functional Boundary:** Context manager that starts a database transaction and commits or rolls back on exit.
- **Role in this Workflow:** Rolls back the successful first-row update when the second-row save raises. This is why `a.load` remains `1.0`.

### `response_action`
- **Function and Location:** `django/contrib/admin/options.py` — line number unavailable.
- **Functional Boundary:** Handles admin action dispatch from the changelist POST.
- **Role in this Workflow:** Returns `None` because no admin action was selected. Execution continues to the list_editable formset save.

### `cl.get_formset`
- **Function and Location:** `django/contrib/admin/options.py` / `django/contrib/admin/helpers.py` — line number unavailable.
- **Functional Boundary:** Builds and returns the model formset bound to the POST data for editable list rows.
- **Role in this Workflow:** Supplies the formset whose `save()` performs the bulk update.

### `BaseModelFormSet.save` / `save_existing_objects` / `save_form`
- **Function and Location:** `django/forms/models.py` — line numbers unavailable.
- **Functional Boundary:** Iterates over changed forms and saves each model instance.
- **Role in this Workflow:** Saves row `a` successfully, then attempts row `b`. The second save raises the expected exception.

### `ModelAdmin.save_model`
- **Function and Location:** `django/contrib/admin/options.py` — line number unavailable. Likely overridden in `/testbed/reproduce_issue.py`.
- **Functional Boundary:** Admin hook called by the formset when saving an object.
- **Role in this Workflow:** In the reproduction script, this is where the second row deliberately raises `""boom while saving the second row""`.

### `Model.save`
- **Function and Location:** `django/db/models/base.py` — line number unavailable.
- **Functional Boundary:** Persists the model instance to the database.
- **Role in this Workflow:** Performs the SQL `UPDATE` for row `a` and row `b`. The row `a` update is later rolled back by `transaction.atomic`.

---

## 6. Entire Workflow Process

The POST request reaches `ModelAdmin.changelist_view`. Because the request contains `_save` and the changelist has `list_editable` enabled, Django enters an atomic transaction and processes the bulk edit inside it. `response_action` finds no selected admin action and returns `None`. The changelist then builds the bound formset, validates it, and calls `formset.save()`.

The formset saves the first editable row by calling `ModelAdmin.save_model()` and then `Model.save()`. That first `UPDATE` succeeds inside the transaction. When the formset moves to the second row, `save_model()` raises `""boom while saving the second row""`. That exception propagates out of `formset.save()` and out of the `transaction.atomic` block. Django’s transaction manager therefore performs a `ROLLBACK`, undoing the first row’s successful update.

The test script then refreshes object `a` and observes `a.load=1.0`, confirming the first row was rolled back. This proves the list_editable bulk edit was executed inside a transaction boundary, which is the intended fix."
