arm,id,calls,interface_errors,other_failures,all_failures,empty_unconfirmed,first_call_category
adi,astropy__astropy-13033,3,1,0,1,0,target_format_error
adi,astropy__astropy-13398,3,1,0,1,0,target_format_error
adi,astropy__astropy-13977,6,1,1,2,0,target_format_error
adi,astropy__astropy-14182,3,1,0,1,0,target_format_error
adi,astropy__astropy-14369,3,1,0,1,1,target_format_error
adi,django__django-10097,10,1,6,7,0,environment_error
adi,django__django-10554,3,1,0,1,0,target_format_error
adi,django__django-11239,2,1,0,1,0,target_format_error
adi,django__django-11265,0,0,0,0,0,not_used
adi,django__django-11400,4,2,0,2,0,target_format_error
adi,django__django-11433,3,1,0,1,0,target_format_error
adi,django__django-11532,4,2,0,2,0,target_format_error
adi,django__django-11815,4,1,0,1,0,target_format_error
adi,django__django-11885,5,2,0,2,0,target_format_error
adi,django__django-11964,9,2,5,7,0,target_format_error
adi,django__django-12125,6,1,1,2,0,target_format_error
adi,django__django-12308,4,2,0,2,0,target_format_error
adi,django__django-12663,16,4,1,5,0,target_format_error
adi,django__django-13012,5,2,0,2,0,target_format_error
adi,django__django-13112,4,2,0,2,0,target_format_error
adi,django__django-13401,4,1,0,1,0,target_format_error
adi,django__django-13406,1,0,0,0,0,evidence_returned
adi,django__django-13516,6,2,1,3,0,target_format_error
adi,django__django-13809,3,1,0,1,0,target_format_error
adi,django__django-14140,3,1,0,1,0,target_format_error
adi,django__django-14351,4,1,1,2,0,target_format_error
adi,django__django-14500,4,2,1,3,0,target_format_error
adi,django__django-14631,4,1,0,1,0,target_format_error
adi,django__django-14725,4,1,1,2,0,target_format_error
adi,django__django-14771,3,1,0,1,0,target_format_error
adi,django__django-15022,3,1,0,1,0,target_format_error
adi,django__django-15037,4,1,0,1,0,target_format_error
adi,django__django-15127,4,1,0,1,0,target_format_error
adi,django__django-15128,3,1,0,1,0,target_format_error
adi,django__django-15252,2,1,0,1,0,target_format_error
adi,django__django-15554,7,3,0,3,0,target_format_error
adi,django__django-15695,3,1,1,2,0,target_format_error
adi,django__django-15732,4,1,0,1,0,target_format_error
adi,django__django-16100,5,1,4,5,0,target_format_error
adi,django__django-16256,3,1,1,2,0,target_format_error
adi,django__django-16560,3,1,0,1,0,target_format_error
adi,django__django-16801,0,0,0,0,0,not_used
adi,django__django-16877,4,1,1,2,0,target_format_error
adi,django__django-16938,10,4,1,5,0,target_format_error
adi,django__django-7530,0,0,0,0,0,not_used
adi,matplotlib__matplotlib-20676,5,1,1,2,1,target_format_error
adi,matplotlib__matplotlib-20826,4,1,0,1,0,target_format_error
adi,matplotlib__matplotlib-21568,5,1,0,1,0,target_format_error
adi,matplotlib__matplotlib-22719,3,1,0,1,0,target_format_error
adi,matplotlib__matplotlib-22865,3,1,0,1,0,target_format_error
adi,matplotlib__matplotlib-24177,4,1,0,1,0,target_format_error
adi,matplotlib__matplotlib-24637,6,2,0,2,0,target_format_error
adi,matplotlib__matplotlib-25775,8,3,0,3,0,target_format_error
adi,matplotlib__matplotlib-25960,3,1,0,1,0,target_format_error
adi,mwaskom__seaborn-3069,6,3,0,3,0,target_format_error
adi,mwaskom__seaborn-3187,6,1,0,1,0,target_format_error
adi,psf__requests-1766,3,1,0,1,0,target_format_error
adi,psf__requests-2317,7,1,1,2,0,target_format_error
adi,psf__requests-2931,6,1,3,4,0,target_format_error
adi,psf__requests-6028,4,1,0,1,0,target_format_error
adi,pydata__xarray-4687,3,1,0,1,0,target_format_error
adi,pydata__xarray-6721,4,1,0,1,0,target_format_error
adi,pydata__xarray-6938,3,1,0,1,0,target_format_error
adi,pydata__xarray-6992,2,1,0,1,0,target_format_error
adi,pydata__xarray-7229,3,1,0,1,0,target_format_error
adi,pylint-dev__pylint-4551,3,1,1,2,0,target_format_error
adi,pylint-dev__pylint-7080,2,1,0,1,0,target_format_error
adi,pylint-dev__pylint-8898,0,0,0,0,0,not_used
adi,pytest-dev__pytest-10356,2,0,0,0,0,evidence_returned
adi,pytest-dev__pytest-7205,4,2,0,2,0,target_format_error
adi,pytest-dev__pytest-7982,6,1,0,1,0,target_format_error
adi,scikit-learn__scikit-learn-12682,5,3,0,3,0,target_format_error
adi,scikit-learn__scikit-learn-14629,4,2,0,2,0,target_format_error
adi,scikit-learn__scikit-learn-25747,5,1,1,2,0,target_format_error
adi,scikit-learn__scikit-learn-26194,3,1,0,1,0,target_format_error
adi,sphinx-doc__sphinx-10323,4,2,0,2,0,target_format_error
adi,sphinx-doc__sphinx-10435,6,1,3,4,0,target_format_error
adi,sphinx-doc__sphinx-7440,6,1,0,1,0,target_format_error
adi,sphinx-doc__sphinx-7454,0,0,0,0,0,not_used
adi,sphinx-doc__sphinx-8056,0,0,0,0,0,not_used
adi,sphinx-doc__sphinx-8265,3,1,0,1,0,target_format_error
adi,sphinx-doc__sphinx-9258,6,2,0,2,0,target_format_error
adi,sphinx-doc__sphinx-9602,3,1,0,1,0,target_format_error
adi,sphinx-doc__sphinx-9658,8,4,0,4,0,target_format_error
adi,sphinx-doc__sphinx-9698,2,1,0,1,0,target_format_error
adi,sympy__sympy-12489,2,1,0,1,0,target_format_error
adi,sympy__sympy-13798,3,1,0,1,0,target_format_error
adi,sympy__sympy-13974,0,0,0,0,0,not_used
adi,sympy__sympy-14248,4,1,0,1,0,target_format_error
adi,sympy__sympy-14976,4,1,1,2,0,target_format_error
adi,sympy__sympy-15017,5,2,0,2,0,target_format_error
adi,sympy__sympy-15599,3,2,0,2,0,target_format_error
adi,sympy__sympy-17630,3,0,0,0,0,evidence_returned
adi,sympy__sympy-17655,6,2,0,2,0,target_format_error
adi,sympy__sympy-18211,4,1,1,2,0,target_format_error
adi,sympy__sympy-18698,7,2,0,2,1,target_format_error
adi,sympy__sympy-19040,4,1,0,1,0,target_format_error
adi,sympy__sympy-21379,3,1,0,1,0,target_format_error
adi,sympy__sympy-22456,2,0,0,0,0,evidence_returned
adi,sympy__sympy-23413,4,1,0,1,0,target_format_error
daira,astropy__astropy-13033,2,0,0,0,0,evidence_returned
daira,astropy__astropy-13398,3,0,0,0,0,evidence_returned
daira,astropy__astropy-13977,3,0,0,0,0,evidence_returned
daira,astropy__astropy-14182,4,0,0,0,0,evidence_returned
daira,astropy__astropy-14369,2,0,0,0,0,evidence_returned
daira,django__django-10097,5,0,1,1,0,environment_error
daira,django__django-10554,1,0,0,0,0,evidence_returned
daira,django__django-11239,3,0,0,0,0,evidence_returned
daira,django__django-11265,3,0,0,0,0,evidence_returned
daira,django__django-11400,3,0,0,0,0,evidence_returned
daira,django__django-11433,4,0,0,0,0,evidence_returned
daira,django__django-11532,4,0,0,0,0,evidence_returned
daira,django__django-11815,3,0,0,0,0,evidence_returned
daira,django__django-11885,2,0,0,0,0,evidence_returned
daira,django__django-11964,3,0,0,0,0,evidence_returned
daira,django__django-12125,3,0,0,0,0,evidence_returned
daira,django__django-12308,3,0,0,0,0,evidence_returned
daira,django__django-12663,4,0,0,0,0,evidence_returned
daira,django__django-13012,2,0,0,0,0,evidence_returned
daira,django__django-13112,6,0,0,0,0,evidence_returned
daira,django__django-13401,3,0,0,0,0,evidence_returned
daira,django__django-13406,4,0,0,0,0,evidence_returned
daira,django__django-13516,3,0,0,0,0,evidence_returned
daira,django__django-13809,3,0,1,1,0,evidence_returned
daira,django__django-14140,3,0,0,0,1,empty_unconfirmed
daira,django__django-14351,5,0,0,0,0,evidence_returned
daira,django__django-14500,3,0,0,0,0,evidence_returned
daira,django__django-14631,4,0,0,0,0,evidence_returned
daira,django__django-14725,3,0,0,0,0,evidence_returned
daira,django__django-14771,2,0,0,0,0,evidence_returned
daira,django__django-15022,3,0,0,0,0,evidence_returned
daira,django__django-15037,3,0,0,0,0,evidence_returned
daira,django__django-15127,3,0,0,0,0,evidence_returned
daira,django__django-15128,4,0,2,2,0,evidence_returned
daira,django__django-15252,4,0,0,0,0,evidence_returned
daira,django__django-15554,6,0,0,0,0,evidence_returned
daira,django__django-15695,2,0,0,0,0,evidence_returned
daira,django__django-15732,3,0,0,0,0,evidence_returned
daira,django__django-16100,2,0,1,1,0,evidence_returned
daira,django__django-16256,18,0,9,9,0,no_trace
daira,django__django-16560,4,0,0,0,0,evidence_returned
daira,django__django-16801,2,0,0,0,0,evidence_returned
daira,django__django-16877,3,0,0,0,0,evidence_returned
daira,django__django-16938,3,0,0,0,0,evidence_returned
daira,django__django-7530,6,0,3,3,0,environment_error
daira,matplotlib__matplotlib-20676,6,0,0,0,0,evidence_returned
daira,matplotlib__matplotlib-20826,2,0,0,0,0,evidence_returned
daira,matplotlib__matplotlib-21568,3,0,0,0,0,evidence_returned
daira,matplotlib__matplotlib-22719,3,0,0,0,0,evidence_returned
daira,matplotlib__matplotlib-22865,2,0,0,0,0,evidence_returned
daira,matplotlib__matplotlib-24177,3,0,0,0,0,evidence_returned
daira,matplotlib__matplotlib-24637,4,0,1,1,0,evidence_returned
daira,matplotlib__matplotlib-25775,3,0,1,1,0,evidence_returned
daira,matplotlib__matplotlib-25960,3,0,0,0,0,evidence_returned
daira,mwaskom__seaborn-3069,4,0,0,0,0,evidence_returned
daira,mwaskom__seaborn-3187,2,0,0,0,0,evidence_returned
daira,psf__requests-1766,4,0,0,0,0,evidence_returned
daira,psf__requests-2317,3,0,0,0,0,evidence_returned
daira,psf__requests-2931,3,0,0,0,0,evidence_returned
daira,psf__requests-6028,4,0,0,0,0,evidence_returned
daira,pydata__xarray-4687,2,0,0,0,0,evidence_returned
daira,pydata__xarray-6721,3,0,0,0,0,evidence_returned
daira,pydata__xarray-6938,2,0,0,0,0,evidence_returned
daira,pydata__xarray-6992,3,0,0,0,0,evidence_returned
daira,pydata__xarray-7229,2,0,0,0,0,evidence_returned
daira,pylint-dev__pylint-4551,3,0,0,0,0,evidence_returned
daira,pylint-dev__pylint-7080,2,0,0,0,0,evidence_returned
daira,pylint-dev__pylint-8898,2,0,0,0,0,evidence_returned
daira,pytest-dev__pytest-10356,3,0,0,0,0,evidence_returned
daira,pytest-dev__pytest-7205,3,0,1,1,0,no_trace
daira,pytest-dev__pytest-7982,3,0,0,0,0,evidence_returned
daira,scikit-learn__scikit-learn-12682,3,0,0,0,0,evidence_returned
daira,scikit-learn__scikit-learn-14629,3,0,0,0,0,evidence_returned
daira,scikit-learn__scikit-learn-25747,2,0,0,0,0,evidence_returned
daira,scikit-learn__scikit-learn-26194,3,0,0,0,0,evidence_returned
daira,sphinx-doc__sphinx-10323,4,0,0,0,0,evidence_returned
daira,sphinx-doc__sphinx-10435,2,0,0,0,0,evidence_returned
daira,sphinx-doc__sphinx-7440,7,0,3,3,0,no_trace
daira,sphinx-doc__sphinx-7454,2,0,0,0,0,evidence_returned
daira,sphinx-doc__sphinx-8056,2,0,0,0,0,evidence_returned
daira,sphinx-doc__sphinx-8265,5,0,0,0,0,evidence_returned
daira,sphinx-doc__sphinx-9258,2,0,0,0,0,evidence_returned
daira,sphinx-doc__sphinx-9602,2,0,0,0,0,evidence_returned
daira,sphinx-doc__sphinx-9658,3,0,0,0,0,evidence_returned
daira,sphinx-doc__sphinx-9698,3,0,0,0,0,evidence_returned
daira,sympy__sympy-12489,6,0,3,3,0,analysis_context_limit
daira,sympy__sympy-13798,3,0,0,0,0,evidence_returned
daira,sympy__sympy-13974,3,0,0,0,0,evidence_returned
daira,sympy__sympy-14248,6,0,0,0,0,evidence_returned
daira,sympy__sympy-14976,2,0,0,0,0,evidence_returned
daira,sympy__sympy-15017,3,0,0,0,0,evidence_returned
daira,sympy__sympy-15599,3,0,0,0,0,evidence_returned
daira,sympy__sympy-17630,3,0,0,0,0,evidence_returned
daira,sympy__sympy-17655,3,0,0,0,0,evidence_returned
daira,sympy__sympy-18211,6,0,1,1,0,analysis_context_limit
daira,sympy__sympy-18698,4,0,0,0,0,evidence_returned
daira,sympy__sympy-19040,3,0,0,0,0,evidence_returned
daira,sympy__sympy-21379,2,0,0,0,0,evidence_returned
daira,sympy__sympy-22456,3,0,0,0,0,evidence_returned
daira,sympy__sympy-23413,2,0,0,0,0,evidence_returned
