id,both_resolved,adi,daira,daira_minus_adi
astropy__astropy-13033,False,44,13,-31
astropy__astropy-13398,False,46,37,-9
astropy__astropy-13977,True,35,40,5
astropy__astropy-14182,True,17,9,-8
astropy__astropy-14369,False,44,46,2
django__django-10097,False,14,12,-2
django__django-10554,False,52,27,-25
django__django-11239,True,10,7,-3
django__django-11265,False,34,16,-18
django__django-11400,False,11,15,4
django__django-11433,True,48,59,11
django__django-11532,False,6,5,-1
django__django-11815,True,10,8,-2
django__django-11885,False,33,38,5
django__django-11964,True,31,15,-16
django__django-12125,True,66,19,-47
django__django-12308,False,30,19,-11
django__django-12663,True,67,46,-21
django__django-13012,True,49,12,-37
django__django-13112,True,47,104,57
django__django-13401,True,95,61,-34
django__django-13406,False,29,14,-15
django__django-13516,True,57,7,-50
django__django-13809,True,16,12,-4
django__django-14140,True,12,21,9
django__django-14351,True,48,23,-25
django__django-14500,True,38,37,-1
django__django-14631,True,10,12,2
django__django-14725,True,18,22,4
django__django-14771,True,6,6,0
django__django-15022,False,44,35,-9
django__django-15037,True,117,18,-99
django__django-15127,False,15,14,-1
django__django-15128,True,39,48,9
django__django-15252,False,57,123,66
django__django-15554,True,175,37,-138
django__django-15695,False,22,18,-4
django__django-15732,True,59,23,-36
django__django-16100,True,19,13,-6
django__django-16256,False,14,32,18
django__django-16560,False,15,10,-5
django__django-16801,True,3,5,2
django__django-16877,True,12,22,10
django__django-16938,True,28,20,-8
django__django-7530,True,30,30,0
matplotlib__matplotlib-20676,False,12,8,-4
matplotlib__matplotlib-20826,True,28,14,-14
matplotlib__matplotlib-21568,False,21,15,-6
matplotlib__matplotlib-22719,True,20,14,-6
matplotlib__matplotlib-22865,True,12,6,-6
matplotlib__matplotlib-24177,True,9,5,-4
matplotlib__matplotlib-24637,True,26,22,-4
matplotlib__matplotlib-25775,True,39,48,9
matplotlib__matplotlib-25960,False,16,25,9
mwaskom__seaborn-3069,False,66,38,-28
mwaskom__seaborn-3187,False,54,25,-29
psf__requests-1766,True,31,7,-24
psf__requests-2317,False,8,9,1
psf__requests-2931,True,20,5,-15
psf__requests-6028,True,16,30,14
pydata__xarray-4687,True,22,34,12
pydata__xarray-6721,True,31,13,-18
pydata__xarray-6938,False,19,6,-13
pydata__xarray-6992,False,29,23,-6
pydata__xarray-7229,False,29,21,-8
pylint-dev__pylint-4551,False,24,27,3
pylint-dev__pylint-7080,True,62,104,42
pylint-dev__pylint-8898,False,58,51,-7
pytest-dev__pytest-10356,False,47,39,-8
pytest-dev__pytest-7205,True,35,31,-4
pytest-dev__pytest-7982,True,41,25,-16
scikit-learn__scikit-learn-12682,True,10,9,-1
scikit-learn__scikit-learn-14629,True,9,6,-3
scikit-learn__scikit-learn-25747,False,14,10,-4
scikit-learn__scikit-learn-26194,False,24,4,-20
sphinx-doc__sphinx-10323,True,8,19,11
sphinx-doc__sphinx-10435,False,10,10,0
sphinx-doc__sphinx-7440,True,49,58,9
sphinx-doc__sphinx-7454,True,26,23,-3
sphinx-doc__sphinx-8056,False,44,23,-21
sphinx-doc__sphinx-8265,True,42,22,-20
sphinx-doc__sphinx-9258,True,67,23,-44
sphinx-doc__sphinx-9602,False,86,26,-60
sphinx-doc__sphinx-9658,True,38,36,-2
sphinx-doc__sphinx-9698,True,12,3,-9
sympy__sympy-12489,True,27,24,-3
sympy__sympy-13798,False,12,10,-2
sympy__sympy-13974,False,50,45,-5
sympy__sympy-14248,False,139,152,13
sympy__sympy-14976,False,31,23,-8
sympy__sympy-15017,False,54,83,29
sympy__sympy-15599,True,69,33,-36
sympy__sympy-17630,False,56,45,-11
sympy__sympy-17655,True,99,54,-45
sympy__sympy-18211,True,40,33,-7
sympy__sympy-18698,False,73,76,3
sympy__sympy-19040,True,32,28,-4
sympy__sympy-21379,True,73,58,-15
sympy__sympy-22456,True,67,71,4
sympy__sympy-23413,True,19,13,-6
