arm,id,resolved,nongold_files_after_git_filter,nongold_files_before_git_filter,gold_files_total,gold_files_seen_after_git_filter,trajectory_sha256
adi,astropy__astropy-13033,False,44,45,1,1,28012b0764925013755b252f3132d944d5c56b04d855b661ed3520b9c6dc8c2c
adi,astropy__astropy-13398,False,46,50,4,4,ede3986246fab1a9176078163d4a473149092428f0bc5f2fc95a078c23c70cbd
adi,astropy__astropy-13977,True,35,35,1,1,583192cd505d52fe691087cc4813e626f9efb8b5729a3673e8d2eb2b2e8b9082
adi,astropy__astropy-14182,True,17,17,1,1,bc06bffc13c0ca2ab0dc7939d649ce9ca205dd88883d802564cd66868c93a83e
adi,astropy__astropy-14369,False,44,44,2,2,370897a267f7418fb615b31df7e42898e909363d3825aed09db7870ccc794726
adi,django__django-10097,False,14,14,1,1,a9714aae063901908a114b313d50a357cb779a5f87a2a084e77a7915d4bf49ff
adi,django__django-10554,False,52,55,2,2,bfdc4fde2c98757a7076444a234a0aef9e79668c5c74d9d08e9115da2a6a3458
adi,django__django-11239,True,10,10,1,1,c74b9df75cfc8d22a47e890b2015b2fb21aa405a39da2dfaadfefaafaa08536a
adi,django__django-11265,False,34,34,1,1,a3dedbd44abf45afacf7ae0a72f900fc89eecc23077b1f2ccb21acfb794e2e18
adi,django__django-11400,False,11,11,3,2,78f3fe3e51310ac92cdbce7ce13b4b76939acd0105a9c991ce29d0747599d6b8
adi,django__django-11433,True,48,48,1,1,19502b5acc77e7fa64a181bec983486306dbd163f465e23a08392e2af9bd3f3f
adi,django__django-11532,False,6,6,5,4,bc35e61082d58d03e53963c65cd471c1e67aba413e5e0c2487cac3ddbb0aef2e
adi,django__django-11815,True,10,10,1,1,ed4a0ccbd43bc1a0e6194eba260e1009dd62b91755b1925dfb47133009025fb8
adi,django__django-11885,True,33,34,2,2,a6cd8b3de8f624af8a73c87cb691242198e82f44457090fef24bcc64d1d97682
adi,django__django-11964,True,31,51,1,1,1818db2d17767d2148adb49ebd501d4fce0fb71aee0ce5bfaedc86514c01d4b4
adi,django__django-12125,True,66,2594,1,1,13adda4dc0c16e9495cdfe6a36419a50920f6a6627d040d67bcda7fc3e4c9d8f
adi,django__django-12308,False,30,30,1,1,80cb9ac8e020e894bee6834d87c68237df360f0b85dbc2bb5a9c5ceaf6a163af
adi,django__django-12663,True,67,70,1,1,2b97a2a01c3b78b7fcfeed2fbff6860a500e65b5e8d9364e6611a1d16e5c8722
adi,django__django-13012,True,49,49,1,1,a0f12b089c221dd29a8e121b0828ec841634f861599b7b6920c227a12b84f4c5
adi,django__django-13112,True,47,47,1,1,e71b80d1be72608405f5ce8fd3c67c7b0e8bc9b4d49d1f0d373669246c03f799
adi,django__django-13401,True,95,2680,1,1,ad78d3964159cffbfcf2c17c575afb49530e146b872390b73ac09e4c18087ec2
adi,django__django-13406,False,29,31,1,1,be51aa76823d16b98cdac9ff889b07e46a39de6ac9fc973a41a12c25342f4571
adi,django__django-13516,True,57,57,1,1,19ce721ae1e08864eb92456e44659c037375e81043580d0e471810db205773c8
adi,django__django-13809,True,16,16,1,1,e9a771b3d7fa82762fa8b8afea0cc77a92d398f6bc47d342c216843a58d18036
adi,django__django-14140,True,12,12,1,1,48c785aa87a5031077629d38e0dba4d156034ded1b947281a61a42e6c615a9a8
adi,django__django-14351,True,48,50,1,1,eb2be825ef418e86349f667445f13f4e27c9482b128410cf5e4500ce2b883d66
adi,django__django-14500,True,38,38,1,1,e56b820e9cfd1897207e3f33c2633c50eceafdf4290fd97ebc11e5d4fe8fcc3c
adi,django__django-14631,True,10,10,2,2,153a2428805fef77924a213bf70bfb859b81ae5c4bc24f431384b238c98cc278
adi,django__django-14725,True,18,22,1,1,d8bea3b7eb1c982549817b0fab8d3097b4c208c605ea77c3c90fd7fb0a59f2bd
adi,django__django-14771,True,6,6,1,1,b0bca6c97d96a2054744b85b4ee24c1a3f49ca9c4e02d86bbce22e3ff2a99415
adi,django__django-15022,False,44,50,1,1,0b09876ebcde49464abeb5b7713203e1dbbb965d70e1e70100c8702c91fe3812
adi,django__django-15037,True,117,117,1,1,fe3165025f13a4b8f3a13efd13aefb139016b3b7c8caddc5b07c5dc6e0b285fd
adi,django__django-15127,False,15,15,1,0,07e2a941bbe0b50155686eec4968e3565ce5c8a14d73852107f88f509c692858
adi,django__django-15128,True,39,39,1,1,5c0db08f3545879fa5719b89a4348b90c14c3ad08e39179220ba4435b343e667
adi,django__django-15252,False,57,2742,1,1,58bba101e6d317d0137785704eec3aab0b575bf1c97adfb28887d88e2fef8ac1
adi,django__django-15554,True,175,175,1,1,bde8d00687ac553d80d35f559495fd5f67d6c4c9b912d5d41fc98cbcdfb595fe
adi,django__django-15695,False,22,27,1,1,93fdc7322bd17c974625d6c830655bb0bfec18068348bb9685b44854f9ec5c45
adi,django__django-15732,True,59,59,1,1,6d6848da622be54db2826ca96917f87beb77502ae4c97c3e0902a2009d41ed55
adi,django__django-16100,True,19,19,1,1,b85e6bf1e770a368443983014e653542da1d159b65b87b30209afcd3d84f289f
adi,django__django-16256,False,14,14,2,1,9ea0734780dc0394d799572f031a7b4dcf07e0dcc428eecb85d15a123f79daf3
adi,django__django-16560,False,15,15,2,2,5e13dd4d1e7ade370822ed91565539ef4e43167e7f29bc4333025bf80e393a00
adi,django__django-16801,True,3,3,1,1,e0df07d0693766917dd2b1ec0dd5c190eb7c8fc32148c3a35f0d45634ac19f80
adi,django__django-16877,True,12,12,1,1,96910613f896dfb002a4e0175e6d25b28da3ed73418d8d0694fa228f903b7b53
adi,django__django-16938,True,28,29,2,2,7ad26658f74ab699f3cf07d37fd54b179397e441cf792d882c366d20819091b0
adi,django__django-7530,True,30,70,1,1,53febc56cccda56c1db27cac30898ba65a1e9ad8d18933a29b14ca2acb649f07
adi,matplotlib__matplotlib-20676,False,12,12,1,1,3505b11690144a6ed9278ab9624e9345cb25281daff3102fd1614652fee0203c
adi,matplotlib__matplotlib-20826,True,28,28,1,1,aa9ae9bf25638ad818c470dcbd73a5214314d7136d022bcf524915fb5d88ebc4
adi,matplotlib__matplotlib-21568,False,21,21,1,1,5be36e26d86ac182abe7de51ca76f92b7cf26d77ad8ec6ff53d642aede71deba
adi,matplotlib__matplotlib-22719,True,20,25,1,1,6fbe8c68c0034b83629c287f72d7329ef9b5ee3e29c24812dda2600574784c35
adi,matplotlib__matplotlib-22865,True,12,13,1,1,8dbc2e1851314e8b9bf65c8b0d43f40d846168070fbedd0eae2575344aaef167
adi,matplotlib__matplotlib-24177,True,9,9,1,1,40e303b18be36bc4f157a98e1c1acef40fe06625d343eb6b9b7d5a1b591cf6d3
adi,matplotlib__matplotlib-24637,True,26,28,1,1,0ebf14c88023bf440a3b4d08fa7b4ad631eb9ae102be99a11eb1e3604a04e035
adi,matplotlib__matplotlib-25775,True,39,39,3,3,ab6c34c10688b013f002d0f2f4e169f02454e3828368c03b50ef3d91efd1cd0b
adi,matplotlib__matplotlib-25960,False,16,23,1,1,610e50f5ad9ccb757e39c021177b8521d7d618cc6bebacb7463c3fd98077860d
adi,mwaskom__seaborn-3069,True,66,66,1,1,1e09a8062464ba296f911d62313eda7be26c213b55bebec4627cfd129be59e30
adi,mwaskom__seaborn-3187,False,54,54,2,2,34ee6204980cf615b40c1819df0e73182b1cec424cb0d30748151222a17688f7
adi,psf__requests-1766,True,31,31,1,1,f1f16458c87b1471d2a2aacc24f372ec0bb59f9a04241e678d7352829adad369
adi,psf__requests-2317,False,8,8,1,1,f4979bc2d57f34fa05b01a89dba0fa7fb291bb4daffe31b2ee741353d8e1bc4c
adi,psf__requests-2931,True,20,20,1,1,32e92da0c3974c56a3c4552523a3abf30344877aef0c501e92f64d7426746c05
adi,psf__requests-6028,True,16,16,1,1,689fadbe3f05d1e84ee6c73108c8356a1a98d77a03dc43b17c0c08d65d7376a3
adi,pydata__xarray-4687,True,22,22,1,1,7de0385f25549a8d32850f2b23512a6bc514fc90a66fd67eaa79baed566ad1b6
adi,pydata__xarray-6721,True,31,31,1,1,c815a40bcb07fa6b1d29a9e56f2c6e5f1fda28272a3e5e9d67c8230912f84744
adi,pydata__xarray-6938,False,19,19,2,2,70f78888418c354558290205dbe1dc3c706c314320b98b553a32b65b463beca9
adi,pydata__xarray-6992,False,29,38,2,1,91b680b2f40aac9a7915eab05b00cc57db0cc1b7f4708e6d048ade1b9faf4e80
adi,pydata__xarray-7229,False,29,29,1,1,e38ddfd3c0c536f27b25a1b089ba60c517863a42be8f4d6cc554790e873c4fcb
adi,pylint-dev__pylint-4551,False,24,24,4,4,69abe707ca9703ac63e3b86ae70ad8bb6663995012c00fd14e91e3dcfb8bb183
adi,pylint-dev__pylint-7080,True,62,1929,1,1,c27836f948c7727a7a433c8b1334239f10f3d376fb78073bfdd0b4fce7be1529
adi,pylint-dev__pylint-8898,False,58,59,3,3,e05a4e2bb45839a296d6cd1a5fea09cecf3c83b4ab28a7161ad759543f4a75c9
adi,pytest-dev__pytest-10356,False,47,48,1,1,dac96ce0c4543b44678146c2f8221e0db1a6e125ed23d03101af4a40c1b720bd
adi,pytest-dev__pytest-7205,True,35,35,1,1,80073ce459524435496b3e29f1f3305464bdcc753ecc437875ecce8616c3521f
adi,pytest-dev__pytest-7982,True,41,43,1,1,a913bc5ffa04c28b129614c446f8f1d2a147864c50f5b3b53aa743d4a84b0740
adi,scikit-learn__scikit-learn-12682,True,10,10,2,2,134d0004f4059b3abe69d863acd4b375897e53f582db95cae2ebab5b959f99e4
adi,scikit-learn__scikit-learn-14629,True,9,9,1,1,b0f2ae552a12d7895bb8c833087793401c0290284fa3ef4a17aecfe2b1918923
adi,scikit-learn__scikit-learn-25747,False,14,68,1,1,15f3e7e8490fb960ac7bc93df67fae02a274a3feaeb37ca3f05f6a9f28077060
adi,scikit-learn__scikit-learn-26194,False,24,27,1,1,ffb007e8c8256f6310bbd6533ceab83093595de07a682efd044bf0aa16800227
adi,sphinx-doc__sphinx-10323,True,8,8,1,1,64aca36911bb18a8469329f6f29e1dc4761cf38cdd486233a57add8032d1c007
adi,sphinx-doc__sphinx-10435,False,10,10,1,1,e48cf069b15bb4cb8af9bfc292ca18243616a7781e1b356a77f9331a34fae9da
adi,sphinx-doc__sphinx-7440,True,49,49,1,1,c7520fb1e20d6b158f23081426fa187726c77e4728e11125d9dbb0ba160b8292
adi,sphinx-doc__sphinx-7454,True,26,39,1,1,d2180b5ba25e238488c8db28e573af099319a9029bf3ce306cc2c9a8e2ba2740
adi,sphinx-doc__sphinx-8056,False,44,45,1,1,7ac3b16008bb46c3d7109c429b7b8dd1c9a7f6c37f432a0e340e130bc6c7aaf7
adi,sphinx-doc__sphinx-8265,True,42,42,1,1,cedc350b585351d93d4fbe91e8fa92551aeb786ba63236964348881592a679c3
adi,sphinx-doc__sphinx-9258,True,67,67,1,1,e90022eab24d02dd2bda961f0f74fba63c745beb3ca988bdf652491e490c9064
adi,sphinx-doc__sphinx-9602,False,86,86,1,1,e031072e881c1c6837404b5d52e21bb229b70ba46ba872936c0eea1057649857
adi,sphinx-doc__sphinx-9658,True,38,87,1,1,c1fb150d4b97262ef37ca42df8b4e125f6fc48c28f2c603b84ad3092a8c68834
adi,sphinx-doc__sphinx-9698,True,12,12,1,1,a8ec468637f134ea55f1120c90852577ea981c698f6d966689d24526a3c07cc5
adi,sympy__sympy-12489,True,27,27,1,1,e386d1c9b4e48f1fa1a9ed513042a3caed9b18879d0fd205c4fc5083ef9b6084
adi,sympy__sympy-13798,False,12,12,1,1,9305eacf775962b34509ccf11645b59b98f5434ba6d532399b40ba9ef51c54ca
adi,sympy__sympy-13974,False,50,50,1,1,af5b9a9ef0877ebb280ed1704eeac6241f14ac976c5f77586dc106b86f696ba9
adi,sympy__sympy-14248,False,139,139,3,3,089585be5e81f6be6246543b56409d2ac15e40fade1d510db7fb895218d17b6b
adi,sympy__sympy-14976,False,31,33,1,1,35776803cbcc48b4d8c2b29d0ae9e8cae62338db629f48c303ec6f96ffe6a958
adi,sympy__sympy-15017,False,54,54,1,1,c136688de4ea53a6f86e86dfadffb51b6d6ef32a6457146394ebe23b162c5754
adi,sympy__sympy-15599,True,69,69,1,1,4448824db7f8a316a64d2f7cd46f4e254c488b5bd3013bab7b17dc034531b97e
adi,sympy__sympy-17630,False,56,87,1,1,172fe1bb48875933feb11acdcc103a40fc4ec81211d832c9fce62b0a979cda08
adi,sympy__sympy-17655,True,99,128,1,1,f8a73dd6795e6b51d5f777f18fc420389602b2a9f36e624206877419d3431543
adi,sympy__sympy-18211,True,40,40,1,1,73950c9b241f295e598600466c87fecaf24a9cd60b24386435e172af532d4ddb
adi,sympy__sympy-18698,False,73,1340,1,1,25d3dc50ef9340f218968140f8d6b942afd9ce4c12fccb197bfe908c630f3bfa
adi,sympy__sympy-19040,True,32,32,1,1,09322c6f72db802096cbe481d7efe895dac2ee164a4f1c4c264f02970aeee480
adi,sympy__sympy-21379,True,73,1449,1,1,d43bf5d9c8405d7d858649f94a6ca366308d61e256533344a1c9f4c4e178bc5e
adi,sympy__sympy-22456,True,67,86,1,1,a8482c8c4b03a3d98812a93ec6f153e28223520c88d9861069152f006f63644d
adi,sympy__sympy-23413,True,19,19,1,1,8d0f2013dec0b4a9d9def9937740e06c66336f89795ccdcff669c4f439c905ef
daira,astropy__astropy-13033,False,13,14,1,1,3992644d2ab7ddb3f1cba5b4e72b55592bcbaf01e0b3bcac2398e6aa81582e1b
daira,astropy__astropy-13398,False,37,38,4,4,f29be67c084787081d23ecd2650735a868786752ce9f80cf2769003a7305df5f
daira,astropy__astropy-13977,True,40,40,1,1,5eabce64bdea7708b75ff1a08c2b7521194bae148358e70d3bfc3e95d62aa439
daira,astropy__astropy-14182,True,9,9,1,1,f66200bb88ab8db381005d72e5364d86305a46e95c76c844108699d8e3e151bd
daira,astropy__astropy-14369,False,46,46,2,2,38d2038665602b6ecfe27872ea5aa38b9cba9a4f912d20d9414a47326915c12f
daira,django__django-10097,False,12,12,1,1,73f7bd6089faf00d89bd3b81204e75e387565fe084ad980fa3b278d6f4a22c0b
daira,django__django-10554,False,27,27,2,2,08835d98149b313219c202349e7fa7bbdec5719232d73540eea30e46a7041a36
daira,django__django-11239,True,7,7,1,1,188766849eff42aa802fe09438bbe6a33164c6f0de99314abf3dae65d452738f
daira,django__django-11265,True,16,16,1,1,dc7c55d13d0a80b95e9082a7a7fc342c3942c947b18959f58fce5ab629ac3052
daira,django__django-11400,True,15,15,3,3,305b218077101f4da7bc9eb37ee3209541ccabdef96bf23cf84a0e3ce22be46a
daira,django__django-11433,True,59,59,1,1,f7ffa381b8991516f514dc12f41903150c9111dcab1ae13bb9d20d925039b739
daira,django__django-11532,True,5,7,5,3,8f2d4c1f1d459838fcc72d8a5f3fff835415b7869419173cd211e349c9931d92
daira,django__django-11815,True,8,8,1,1,2918e2186365d48a7c46cb1c04183e043479767ab2328d0fc190f836ceae670f
daira,django__django-11885,False,38,40,2,2,67b8c4217ea00651eafd8c7b7791377f38544e3d3b6ba3c786c99e9992a71243
daira,django__django-11964,True,15,15,1,1,d11cd0f3468e2a907bc9137fa74a3c8f0fb10cbd2c1ea9eb8235418d0500d86e
daira,django__django-12125,True,19,2778,1,1,5d24ae818a3a3ef24a5a4926e1ff46ee667eb6cea9452f792ea1bcff3775f39a
daira,django__django-12308,True,19,19,1,1,3c221c327b989932b29948ed7c15bbaa5d292e4abd9a834edbf830efd50673d7
daira,django__django-12663,True,46,47,1,1,28bb06add55862b8a940a832aacf5426a7f6203e29c0f56724e7eff80c1c73d4
daira,django__django-13012,True,12,12,1,1,fd5f8da0970b82e075a087b628122ac54f2896ad87f0adf1e95d7f786a539be9
daira,django__django-13112,True,104,104,1,1,d4be8d892a4bea9517047fe34bae0f98ccb0b96ac52c53148699793bcfdbab86
daira,django__django-13401,True,61,61,1,1,1e49cdcaf2a81584575b374806c1c57891f31df80fae7cca4f40f4e893f75dd1
daira,django__django-13406,True,14,14,1,1,8d2f2633b385ed0508abf3b19abe8ef151abbc1145ab726a9eef2e9aac9b2501
daira,django__django-13516,True,7,7,1,1,04423e41f72b1cd4be2e7e1501a7969333cda94a4f4298a851d6e284970f7b39
daira,django__django-13809,True,12,12,1,1,3eee52cb5723b4f121154967b25f59bcb8db9ffd8226842a959af5b49fdb28eb
daira,django__django-14140,True,21,25,1,1,5cd56c19b3bbc55f23e2775c8e1a54b91990fbad4998b66cdca1a02ec87beea6
daira,django__django-14351,True,23,27,1,1,5f685f35a6ff79c39b26f53510a14c735ab138c5d4013c1e94d9fcd398c31292
daira,django__django-14500,True,37,37,1,1,b3d0f2e48c373d4c5f8afe02f1d99a219e17ecafb88144bcc4007fd68d778925
daira,django__django-14631,True,12,12,2,2,4f43c8665c54a26e4cc1a9b684c610c33cc6c3152a89c61e14c9555cb55a332e
daira,django__django-14725,True,22,22,1,1,7b99a087a1d9668e254cebdac04b34be24b5a204ce583e54d0f6b1e8988dd9c3
daira,django__django-14771,True,6,6,1,1,b397c66795f92b5a18394902d8fc7053938c593f32767d2c1713d3c3b9b74daa
daira,django__django-15022,True,35,35,1,1,aaa90b149ac040a0020721a58e1c6b53a0a220e900865a47b8b4ce4c3e73b75d
daira,django__django-15037,True,18,18,1,1,1d0b7015adbb36eb9187e1f72b91d2be392877269822aee9687c2d01ba516a74
daira,django__django-15127,False,14,14,1,0,f6f6455229506ef0098f5916775bf9b5ec8d454af57e3d6c3c45f2cc4ae5a5a7
daira,django__django-15128,True,48,48,1,1,22ce5a17bb17c501fb35079c387bf44c15bef677ced3b6ca1b9d7c052f80d8e8
daira,django__django-15252,False,123,2796,1,1,ede0d14de72f9d176d8de1353a1e34141944a92c21b1278b5909ad8c880e844b
daira,django__django-15554,True,37,37,1,1,cb6218ded0bfd53523db86e8884dc94a93b6e052f3906a97309ccbd5523234f6
daira,django__django-15695,False,18,2753,1,1,e6074b00cd384909fe5bb9b5c31f65373aec236912d43892cec9baa5048fe7fa
daira,django__django-15732,True,23,38,1,1,2a3972a6ec970054762fa46a58d479558afd0d0b18854b4cb90c064decbe31f7
daira,django__django-16100,True,13,13,1,1,df0a92236d14f5620d7fd071eabaf5319556133deb3584cf1c6258cd10ffa88f
daira,django__django-16256,True,32,35,2,2,ef07f044c86fa19de3038fb61db2f0e44cf1148b3a3b71ab3620039ab72ce088
daira,django__django-16560,True,10,10,2,2,c1710386e12bf7a7e8aea1b6798d63bcbb652b9898514ad49b47dab162945a31
daira,django__django-16801,True,5,5,1,1,3b2e9e50a7d8cd972fc8bb7cfcc056021964e923859c423d4bb1466a364b177a
daira,django__django-16877,True,22,22,1,1,a46a6f1b20bfd1e3ac9e604447fd38b9262f8d632344122c62e9ab261b70969a
daira,django__django-16938,True,20,22,2,2,6d6d429ad1dc967d8fb49b80bcfb0477cb7206e2ca8d98163d4ddff1df06520a
daira,django__django-7530,True,30,30,1,1,443dc54b04aa9589ee3d50577904274e261135233e79e195a4125dfd2c7055ea
daira,matplotlib__matplotlib-20676,False,8,8,1,1,f50cba30d93a6935d78860a2e3f7499c889c13ec18e8012e2113eeb713263567
daira,matplotlib__matplotlib-20826,True,14,14,1,1,69f6ad8c97125deb190d91cc69dcc2e05cf0070292a71cf3caa1d33d6bf3a301
daira,matplotlib__matplotlib-21568,False,15,15,1,1,02ccdf8dce7b8b884c49c579fd8da9cc0149a626e6c768aa58acfe5707e419f3
daira,matplotlib__matplotlib-22719,True,14,31,1,1,04db85c2e32ce5a70480c988402ed360bac86279f194eab6694f6affb18887d0
daira,matplotlib__matplotlib-22865,True,6,6,1,1,43882b6696699fbca47b12a96ccaf1339db9cd95169778b63f74d30a01d8a143
daira,matplotlib__matplotlib-24177,True,5,5,1,1,df01d8d8191173e0ed758e1b489ac28c9a9b204625d96f74b4f1d320dda4a0df
daira,matplotlib__matplotlib-24637,True,22,22,1,1,a0a787d2717b8e8c17b924fe120dbd25d4b3f56cd4d9ee1083d3c8877235c4d4
daira,matplotlib__matplotlib-25775,True,48,50,3,3,40e0acb61a4aa5fb912684cc56936a3aa746e25dd2dc2dd7e0aae8b026c783f2
daira,matplotlib__matplotlib-25960,False,25,25,1,1,d4563ddab6431f81359637340caeb63e3c3a3b754571173b0ae182eda534b479
daira,mwaskom__seaborn-3069,False,38,38,1,1,d63441f416d744e7745c36d0b2bc2da3a16fc799dd1e889345b7908f6e52cb42
daira,mwaskom__seaborn-3187,True,25,25,2,2,5625aa0a1c79527597b32a728db79e89de373bcf0445cf670b172f71697ce847
daira,psf__requests-1766,True,7,7,1,1,0bbbc5ab6252e8091f6c5bf4feff4c80ad05023aeae433e56bed5d73ed3e5868
daira,psf__requests-2317,False,9,9,1,1,3e3c4618f830cdca787919a1451934dee3824271bbac417dda25f1d3eb33b190
daira,psf__requests-2931,True,5,11,1,1,5ddf1f7f0baf38d9c90cbb9ffc8b2224d8a49364c7c54243e2d5fca763acc1cd
daira,psf__requests-6028,True,30,30,1,1,a365a343c8c25b612cb6b0bdd9ae51dd02d31195061b9e935ce94c6152d334d4
daira,pydata__xarray-4687,True,34,34,1,1,c55c46f8dfe09735041be8c3ce6e53e6cbf757ee42528d0f9c281bae75914e6f
daira,pydata__xarray-6721,True,13,13,1,1,801944e1663395d4175ac6a361209d4a759554e54ef47b964cb2a3d1e9eb21a0
daira,pydata__xarray-6938,False,6,6,2,2,baa22a6d3c66bc3e56cdfe571621d5e96151a47e0cf955aed678e8b61afcd256
daira,pydata__xarray-6992,False,23,23,2,2,69557a4ef166b48e9be7b26893407f040975c8c7c1f583eb9116fb8c77813d2d
daira,pydata__xarray-7229,False,21,21,1,1,1e2d1823406de07cdbd9dcfe6693b974ff5985a4b3e4bf8b22985dcfb7c3d634
daira,pylint-dev__pylint-4551,False,27,27,4,4,be2ef87f7252fc66710c31ccb66b65157f47ac468a8c3547facd727865ad13a8
daira,pylint-dev__pylint-7080,True,104,126,1,1,240e4ddc99458030dfa591ef48078584c32d37c07a6f214db4c052c998dc426d
daira,pylint-dev__pylint-8898,False,51,56,3,3,7917afad125bfea6b9d08850dd2170158fb18b76d53a576efff957c40fe851a5
daira,pytest-dev__pytest-10356,False,39,39,1,1,808ae0a7bccf706541e5f65617a389a041579e2465dfc6eab6ace247d9d1eb4a
daira,pytest-dev__pytest-7205,True,31,32,1,1,62d587cab5c0ebda64d1124a0bea02254e1ba82a1b2fd924363e6515ad5b6293
daira,pytest-dev__pytest-7982,True,25,25,1,1,93022b4f32d320b4a3d34799cdc4e0ac1a591fbd33242f746e2666626e367b09
daira,scikit-learn__scikit-learn-12682,True,9,9,2,1,34ab630c928f9ef18d92dbebb383ba773f0b83448fdea8b1decfc3b0de068580
daira,scikit-learn__scikit-learn-14629,True,6,6,1,1,2b5469cbb99e9ecdcb271fcce10c272b2def3ab7b3d30c1371c760a1a01284ca
daira,scikit-learn__scikit-learn-25747,False,10,960,1,1,6febc3127c42cff52d254f469ae8ddbfb397950936b3a364305affff73942862
daira,scikit-learn__scikit-learn-26194,True,4,4,1,1,be4c934edf261edd27445e4aec0c6be92bdad41075c698627fdc7d60abde4f9e
daira,sphinx-doc__sphinx-10323,True,19,30,1,1,a5838a67bf6680c9483d8f16657bb3307aa09d7f30137424dcdf9f3876354040
daira,sphinx-doc__sphinx-10435,False,10,14,1,1,ed29c5d51b69db2be8349ac1b89bfdd2e27f439b83500d32989eb98d2f320440
daira,sphinx-doc__sphinx-7440,True,58,58,1,1,03817d0a79a37024222d3edcb921eaa42b2580f2a2d1947aa2810ac31bb6c696
daira,sphinx-doc__sphinx-7454,True,23,23,1,1,ce4743f0cb3cb6cd05298593d61b2ec8cb44a88ed7d602fc8e24a5439a4ba443
daira,sphinx-doc__sphinx-8056,False,23,23,1,1,f3c59ceee32948385a076af4c87633e7948958192f8eec44398913d41ac002e8
daira,sphinx-doc__sphinx-8265,True,22,22,1,1,c0fdb8ac928d40a0ed9551f945d6856d172c4239dfc026b17c6398264f5cfd72
daira,sphinx-doc__sphinx-9258,True,23,23,1,1,30586d22b3c7e7fab6934c8d694d7eca4ac6813b38bd2074b8530525c52c8554
daira,sphinx-doc__sphinx-9602,False,26,26,1,1,fcfb5c7c76918ef0557660e2e96301997f5fe08e0f4074e577c2939150e8bde2
daira,sphinx-doc__sphinx-9658,True,36,37,1,1,e0eca3201c20ee2c9ae1814a4b23d46643ff952ffc813f933fc5f166e36094f5
daira,sphinx-doc__sphinx-9698,True,3,3,1,1,5b5a3102cdb16e3776aa19ad97e1039d188ee0fe30f6e1317c74b4db18c1d624
daira,sympy__sympy-12489,True,24,35,1,1,bf7a48e74eead97242f41d502d57ab36e6eae6052133b17b42af88cf8422789d
daira,sympy__sympy-13798,False,10,10,1,1,2bd6ec0b66766df5ee109cba7c982fb8c6d7b163a4a4fa4fc4de3ce2b8ae5261
daira,sympy__sympy-13974,False,45,45,1,1,1da23dec0125ae51cae75e57a2f57a080109578989d2933dddf450402eda9705
daira,sympy__sympy-14248,False,152,153,3,3,03a7a65e215f5d58e9fd6358035ea9413f8ded40aed71c83ae87d00c8fafea11
daira,sympy__sympy-14976,True,23,32,1,1,8e15d7460de2d28abe48b1a6661c0e3803eb40d2ee3757a79db7ef129beeb5fc
daira,sympy__sympy-15017,True,83,87,1,1,7c62fab6430ec14562d81745f127b7ee920dc8f09d3d481e3dd85a9a1276f55e
daira,sympy__sympy-15599,True,33,33,1,1,556a89e708db3a654e51e05e9820eb4a6db1a02681c542cb8af70b55de780400
daira,sympy__sympy-17630,True,45,45,1,1,a9acc44902431c1f268894998d6bde18812e3d1620d9cb4a87ce98e73ac19a08
daira,sympy__sympy-17655,True,54,1291,1,1,6ed3c9b28030b2db308c9a884d41f8d207d5b63cba516150f82863c5b28218a8
daira,sympy__sympy-18211,True,33,33,1,1,c54c6ae359f1647781e8ccf082de4ced1358cda96772b40add0feac2b1cdde35
daira,sympy__sympy-18698,True,76,76,1,1,2a61a8751800f108a3ee8ab13a90b7a258a26e12650ec11e5444597d66e314be
daira,sympy__sympy-19040,True,28,30,1,1,630876bc829b35a20ca0bb1aa8a106a47d874a6b0d83bd3b81f7138d249f06fe
daira,sympy__sympy-21379,True,58,65,1,1,7f6065d825c0565e789231fc514dfbdb3f5667949ba31bfea28426c085b20e3f
daira,sympy__sympy-22456,True,71,75,1,1,2903c7abbc0e217ef57ba85574cd1afc9d6968c15dc86905c060f6394f85ede7
daira,sympy__sympy-23413,True,13,13,1,1,4da19cd1a70ce9b661c4c907695ba5a0e8d1ee73c22e4dbdf39b25824a2d1412
